22__31282294__31283288__ENSG00000100100	4077	1.07674	168.165	25.3828	7.39449e-09	rs11703927	-33317	28	37	0.4625	1	3.09278e-10	1.04612	0.113739	9.999e-05	4.23332e-07	9.43398429749951e-05
22__37687910__37688992__ENSG00000100101	4192	1.03476	393.291	27.2695	2.09651e-06	rs56141786	-469246	12	12	0.15	1	6.37221e-07	-1.42998	0.227663	0.00039996	0.000634321	0.0411482599007596
22__37687910__37688992__ENSG00000273899	4192	1.04171	387.196	27.1172	2.24082e-06	rs56141786	-469246	12	12	0.15	1	6.37221e-07	-1.42998	0.227663	0.00049995	0.000634717	0.0411482599007596
22__42516011__42577098__Not_Available	4688	0.977527	206.308	23.8008	2.59963e-07	rs73173053	-23758	8	9	0.1125	1	6.88571e-09	1.602	0.201166	0.00019998	6.75185e-05	0.00697810859291411
16__21797017__21806229__ENSG00000248124	1718	1.03982	152.542	26.9062	1.85895e-06	rs462298	-24919	13	16	0.2	1	4.67178e-07	-1.03086	0.161244	9.999e-05	0.000201302	0.0168885822407689
16__30186534__30186720__ENSG00000102879	2021	1.05146	96.8753	24.6445	4.64881e-10	rs9924308	-43116	26	32	0.4	1	5.77796e-12	-1.16113	0.106416	9.999e-05	1.8442e-08	7.18857859872989e-06
15__58621471__58643978__ENSG00000137845	4537	1.03585	256.531	24.5391	3.28445e-07	rs4581654	-100105	17	22	0.275	1	1.55372e-08	0.783393	0.102374	0.00019998	5.92627e-05	0.00622761331452818
15__68086306__68146700__ENSG00000033800	3223	0.973101	126.648	22.4297	7.8459e-07	rs1489598	-28752	21	25	0.3125	1	1.02378e-08	1.14292	0.146316	0.00019998	0.000128731	0.0120790722682897
15__68086306__68164804__ENSG00000033800	3223	0.974599	171.295	24.8906	1.55216e-06	rs1489598	-28752	21	25	0.3125	1	1.27221e-07	1.03843	0.151218	0.00029997	0.000331119	0.0253901450670862
15__100564692__100565265__ENSG00000140471	6584	1.05131	567.343	25.9922	1.09223e-06	rs12901344	-15173	18	20	0.25	1	1.58187e-07	-1.09789	0.161759	0.00019998	0.000414639	0.0292760718021258
9__97994631__97998678__ENSG00000136938	4519	1.03366	292.183	26.4375	1.19026e-06	rs112500293	6541	18	20	0.25	1	2.2244e-07	1.11535	0.167405	0.00019998	0.000262116	0.0210023336798128
9__104750956__104759171__ENSG00000136783	5276	1.03897	239.618	25.6406	3.88148e-14	rs7034016	-7976	19	21	0.2625	1	2.56494e-16	1.39115	0.086322	9.999e-05	3.39824e-12	6.05840197275608e-09
4__130788__131505__ENSG00000250312	2672	0.976218	91.746	22.9219	2.05169e-06	rs181728567	-120147	8	9	0.1125	1	5.18277e-08	1.70917	0.23741	0.00039996	0.000233069	0.0191042190519756
4__10097711__10103986__ENSG00000071127	5791	1.02632	148.466	23.7188	4.53984e-08	rs2241469	-18874	17	19	0.2375	1	7.17608e-10	1.29367	0.146096	9.999e-05	4.87172e-06	0.000772029391913076
4__36210390__36214480__ENSG00000047365	6772	1.01361	160.221	23.7305	3.67142e-07	rs984431	-123022	5	5	0.0625	1	1.00975e-08	2.28389	0.292187	9.999e-05	5.12219e-05	0.00553446668308006
4__102689574__102726683__ENSG00000109323	4235	1.05152	143.243	25.3359	6.98147e-06	rs12647112	-870130	6	7	0.0875	1	9.70926e-07	1.73984	0.28384	0.00049995	0.000684678	0.0435945681325658
4__108072851__108079614__ENSG00000138795	4443	1.03594	273.386	27.6211	3.24342e-06	rs79439381	-106850	16	18	0.225	1	1.20798e-06	-1.08976	0.180085	0.0009999	0.000677836	0.0435477459620337
19__1032392__1032696__ENSG00000064666	5601	1.03003	981.776	28.3477	2.11879e-08	rs1141534	297	17	18	0.225	1	8.14176e-09	-1.33241	0.168678	0.00019998	1.48547e-05	0.00185845931773764
19__11830617__11977164__Not_Available	3693	1.053	212.432	26.332	7.49039e-08	rs286222	-40299	31	40	0.5	1	9.05979e-09	1.15873	0.147457	9.999e-05	8.65683e-06	0.00122285655939591
19__12928342__12928847__ENSG00000179115	3620	1.06811	359.729	26.8242	5.25571e-08	rs8110787	-39699	24	31	0.3875	1	8.37493e-09	-0.812796	0.103039	9.999e-05	8.74544e-06	0.00122285655939591
19__21405129__21405856__ENSG00000196268	7329	1.04401	146.561	24.4805	4.31034e-06	rs29721	-205860	17	19	0.2375	1	3.4606e-07	0.876478	0.134805	0.00029997	0.00044803	0.0310194361702015
19__52635066__52808133__Not_Available	7771	1.0217	553.58	24.7617	2.96207e-13	rs4664	-22535	20	23	0.2875	1	8.80476e-16	1.45701	0.0946562	9.999e-05	9.96271e-11	1.18410514301514e-07
12__9680923__9694969__ENSG00000069493	5291	1.06225	327.7	26.707	7.93444e-12	rs2114870	-10380	23	26	0.325	1	4.00226e-13	-1.39253	0.114515	9.999e-05	7.39055e-10	4.79124195837765e-07
12__11121010__11124187__ENSG00000231887	5238	1.04458	300.187	24.9023	6.07706e-07	rs61912110	-17813	30	38	0.475	1	4.15482e-08	-0.822064	0.112894	0.00029997	0.000121877	0.0117450282250016
12__11121010__11124323__ENSG00000231887	5238	1.05496	388.221	26.9766	1.23695e-07	rs7313683	-1418	27	33	0.4125	1	2.38933e-08	0.956173	0.127671	9.999e-05	2.71401e-05	0.00328037475392641
12__28225795__28259442__ENSG00000123106	5124	1.04988	270.473	26.2148	7.18965e-17	rs11049369	-79253	18	20	0.25	1	4.09528e-19	-1.69817	0.0834071	9.999e-05	3.93996e-15	2.80967341171666e-11
12__28255581__28259442__ENSG00000123106	5131	1.05937	289.931	26.7891	2.36618e-09	rs184460060	70968	19	21	0.2625	1	2.55352e-10	-1.50349	0.162077	9.999e-05	2.87772e-07	6.84055453216553e-05
12__28305649__28391411__ENSG00000123106	5179	1.04551	295.164	26.6367	4.8647e-07	rs11049689	213527	18	20	0.25	1	9.04449e-08	-1.17509	0.168043	9.999e-05	9.40999e-05	0.009192429986258
12__29338531__29341816__ENSG00000087502	6265	1.06012	257.829	25.9688	2.97678e-06	rs7976499	285275	23	26	0.325	1	4.9557e-07	1.20227	0.188685	0.00039996	0.000485473	0.0329715839562868
12__89459638__89472275__ENSG00000139323	2730	1.02353	145.746	25.3711	3.59351e-09	rs11105304	42045	27	37	0.4625	1	1.30701e-10	0.959199	0.100389	9.999e-05	3.68951e-07	8.48732879657755e-05
12__89466770__89472275__ENSG00000139323	2738	1.06802	157.291	25.0664	9.40582e-08	rs12303240	-28125	28	38	0.475	1	4.96912e-09	0.938445	0.116004	9.999e-05	6.73827e-06	0.00100108556833741
12__103976918__103980962__ENSG00000139372	4742	1.05485	352.6	26.7656	5.82267e-07	rs1177457	-34570	21	25	0.3125	1	1.18876e-07	1.04564	0.151717	9.999e-05	0.000125788	0.0119602973672496
12__123179926__123194601__ENSG00000051825	3238	0.977736	88.1097	23.0625	7.34516e-06	rs2682427	-7665	27	37	0.4625	1	2.96989e-07	-0.954287	0.145529	0.00029997	0.000768869	0.048096284582308
12__123586747__123590449__ENSG00000086598	3628	1.02885	256.336	27.2109	2.92653e-06	rs11057305	24152	20	25	0.3125	1	8.94186e-07	0.710693	0.115387	0.00039996	0.000601816	0.0401091982703765
8__668598__674047__ENSG00000104714	6116	1.04865	415.205	26.0391	7.24066e-07	rs1669681	-12482	22	29	0.3625	1	1.01231e-07	-0.963445	0.138601	9.999e-05	0.000198332	0.0168374971142017
17__46517362__46704854__Not_Available	4990	1.06529	127.095	25.5	6.02114e-06	rs2684556	-14196	25	33	0.4125	1	8.85713e-07	-1.01995	0.165505	0.00019998	0.000465302	0.031905503965937
17__47361378__47377903__ENSG00000178852	3408	1.04475	113.184	25.125	1.416e-10	rs4968317	-20634	21	31	0.3875	1	2.24077e-12	1.12644	0.099294	9.999e-05	7.04101e-09	3.13818836178399e-06
17__47361378__47379253__ENSG00000178852	3408	1.0111	105.67	24.5039	2.26778e-10	rs7208530	105362	21	30	0.375	1	2.08633e-12	1.09487	0.0962304	9.999e-05	1.96303e-08	7.18857859872989e-06
17__47370437__47379253__ENSG00000178852	3421	1.01745	117.002	25.2891	1.58961e-06	rs4794371	179889	25	35	0.4375	1	1.64925e-07	-0.813939	0.120193	9.999e-05	0.000158903	0.0141646594807439
17__47402132__47414919__ENSG00000178852	3469	1.00972	96.8888	23.543	3.07626e-06	rs7208530	64608	21	30	0.375	1	1.30723e-07	0.855775	0.1248	0.00039996	0.000274278	0.0217326403770265
17__47402132__47416908__ENSG00000178852	3469	1.00858	107.165	24.3516	6.0711e-06	rs7208530	64608	21	30	0.375	1	4.89901e-07	0.864508	0.135588	0.00019998	0.000608492	0.0401786320457637
17__78400735__78401057__ENSG00000087157	6111	1.01284	760.854	27.3516	5.29843e-08	rs4969179	-5363	24	32	0.4	1	1.18063e-08	1.00633	0.129735	9.999e-05	3.52063e-05	0.00411580299953616
17__79077430__79077864__ENSG00000167280	5843	1.01992	828.899	27.9258	8.73718e-08	rs116539064	-55113	10	10	0.125	1	2.86481e-08	-1.32159	0.178086	9.999e-05	5.93836e-05	0.00622761331452818
17__82905936__82911789__ENSG00000141556	3391	1.02087	185.557	24.8203	5.24384e-08	rs5822550	-8402	24	31	0.3875	1	2.0574e-09	1.15093	0.136452	9.999e-05	7.5798e-06	0.00110312745981105
14__35651805__35659196__ENSG00000174373	4490	1.04955	184.791	25.5117	4.12249e-08	rs12883816	-85285	13	13	0.1625	1	2.57931e-09	1.51997	0.182127	9.999e-05	4.15749e-06	0.000705904502322594
14__91342380__91343657__ENSG00000015133	4602	1.01877	326.126	26.6953	1.80126e-06	rs1742562	-2137	14	15	0.1875	1	4.05684e-07	1.33272	0.206809	0.00059994	0.000506654	0.0340854976772078
11__43830976__43840064__ENSG00000149084	4840	1.02565	229.655	24.1055	2.16937e-06	rs12295769	707674	12	15	0.1875	1	1.19411e-07	1.18493	0.171967	9.999e-05	0.000405326	0.0292760718021258
11__74859158__74863021__ENSG00000166435	3472	0.985388	126.156	22.5	5.70439e-06	rs2076980	-119769	17	19	0.2375	1	1.50175e-07	1.15755	0.170072	0.00069993	0.000804481	0.0494563238155409
11__108227595__108235834__ENSG00000149311	4280	1.08544	183.578	25.8516	4.79989e-10	rs637064	42586	29	34	0.425	1	1.89019e-11	-1.01452	0.0977035	9.999e-05	2.11689e-08	7.18857859872989e-06
11__108330214__108335961__ENSG00000149311	3889	1.0619	208.561	26.5781	5.81862e-06	rs11212854	684396	20	21	0.2625	1	1.43083e-06	0.898339	0.149955	0.00059994	0.000778845	0.048296674129741
3__121635735__121637256__ENSG00000180353	4286	1.05103	172.372	26.4258	2.10253e-08	rs3772126	0	18	21	0.2625	1	2.28246e-09	-1.2089	0.144023	9.999e-05	1.87031e-06	0.000350989422192089
3__138570318__138571356__ENSG00000114107	3175	1.02167	145.759	26.1445	3.89426e-12	rs1679169	-93632	28	35	0.4375	1	9.85191e-14	1.2405	0.0965171	9.999e-05	3.54588e-10	2.5286461682702e-07
3__138570318__138572932__ENSG00000114107	3175	1.03482	142.979	25.9102	1.1757e-13	rs1679169	-93632	28	35	0.4375	1	1.32491e-15	1.2321	0.0812795	9.999e-05	6.97984e-12	9.95495937321009e-09
3__138570318__138572984__ENSG00000114107	3175	0.999368	147.41	26.4492	1.57082e-09	rs1679169	-93632	28	35	0.4375	1	1.22879e-10	1.19429	0.124656	9.999e-05	2.33862e-07	5.92671041183084e-05
3__195688533__195689438__ENSG00000242086	5780	1.01322	361.015	24.4922	1.25678e-06	rs2688496	115566	15	16	0.2	1	7.74317e-08	1.12945	0.1602	0.00019998	0.000407423	0.0292760718021258
3__195959183__195960086__Not_Available	5488	1.04504	473.616	26.9531	4.38861e-08	rs28594263	47828	22	26	0.325	1	7.4472e-09	-1.11499	0.140544	9.999e-05	1.25413e-05	0.00162608744335947
6__7303550__7310029__ENSG00000124783	6024	1.04688	557.818	27.3867	4.04779e-07	rs9392143	4081	18	20	0.25	1	1.11567e-07	-1.08615	0.157062	0.00019998	0.000149218	0.013469707112285
6__29675386__29676059__ENSG00000204644	9883	0.974899	46.9008	17.6484	1.67689e-07	rs2535240	713	13	14	0.175	1	7.08522e-12	1.69876	0.157011	9.999e-05	1.06713e-05	0.00140924855593815
6__29801662__29944397__Not_Available	9870	0.958237	68.2831	20.5781	1.50997e-09	rs2517731	136609	24	27	0.3375	1	2.47169e-13	1.5744	0.127015	9.999e-05	2.05286e-07	5.62479190851747e-05
6__29828047__29942626__Not_Available	10060	1.00678	67.8883	20.3906	5.76261e-06	rs2735114	114209	28	38	0.475	1	3.38272e-08	-1.21344	0.164899	0.00019998	0.00036982	0.0275308299582886
6__29829418__29943543__Not_Available	10066	1.0107	73.6777	20.9648	1.58196e-10	rs113360274	53588	11	14	0.175	1	1.64711e-14	1.50523	0.109266	9.999e-05	9.54305e-09	4.00315408572119e-06
6__29889328__29943543__Not_Available	10061	1.02966	85.4853	22.0195	1.53707e-07	rs3129010	-18302	22	29	0.3625	1	8.13821e-10	1.14218	0.129731	9.999e-05	9.29656e-06	0.00125086498591158
6__29890246__29944616__Not_Available	10061	1.05202	92.7645	22.793	3.05035e-06	rs28894076	47886	25	32	0.4	1	7.97724e-08	1.12039	0.159164	9.999e-05	0.000180832	0.0157262603875497
6__29890264__29944397__Not_Available	10061	0.952922	62.9007	19.7227	1.29723e-07	rs73725534	57063	6	6	0.075	1	6.3242e-11	2.46759	0.250223	9.999e-05	1.44343e-05	0.00183811098003994
6__29890653__29945281__Not_Available	10062	1.03065	84.0737	21.668	4.05351e-08	rs2975031	-25512	23	28	0.35	1	9.39752e-11	1.21202	0.125033	9.999e-05	2.28669e-06	0.00041812555781761
6__31271599__31356442__Not_Available	12772	0.988368	78.1947	18.4102	5.80162e-07	rs112985609	79887	9	9	0.1125	1	1.46187e-10	1.97355	0.207567	9.999e-05	5.12061e-05	0.00553446668308006
6__32877053__32879608__Not_Available	15131	1.03669	198.247	22.3945	1.26721e-08	rs9276815	-19324	19	23	0.2875	1	4.04208e-11	1.27017	0.126344	9.999e-05	1.5406e-06	0.000296928714744167
6__90206569__90271941__ENSG00000112182	4144	1.04987	347.343	26.9883	2.21753e-11	rs60066732	19094	20	29	0.3625	1	1.66468e-12	-1.06174	0.0924645	9.999e-05	2.96874e-09	1.41138316874617e-06
6__90249689__90271941__ENSG00000112182	4085	1.0424	294.452	25.6406	5.0991e-08	rs2501721	-114373	25	36	0.45	1	3.62886e-09	0.928277	0.113039	9.999e-05	9.20456e-06	0.00125086498591158
6__158267234__158314268__ENSG00000130338	5943	1.02541	257.047	24.7734	1.3223e-08	rs4313021	-14679	27	37	0.4625	1	3.75819e-10	1.12186	0.123043	9.999e-05	2.44149e-06	0.000435270252615008
10__5699525__5714207__ENSG00000108021	7021	1.05573	614.312	27.3047	8.9766e-10	rs7910414	-8358	20	23	0.2875	1	1.30532e-10	-1.42213	0.14883	9.999e-05	2.41017e-07	5.92671041183084e-05
10__7797047__7802854__ENSG00000165629	6302	0.996477	290.697	21.8086	1.93531e-08	rs2802460	-9974	13	18	0.225	1	3.92619e-11	1.18307	0.117533	9.999e-05	5.87937e-06	0.000892065950698959
10__32543300__32584304__ENSG00000216937	5150	1.05633	195.547	25.7227	1.80886e-06	rs7895395	300056	14	15	0.1875	1	2.44424e-07	-0.775688	0.117028	0.00029997	0.000220521	0.0182858659179272
10__45939361__45962994__ENSG00000239883	1527	1.03331	68.8218	25.9219	1.67542e-06	rs35510597	-140301	24	35	0.4375	1	2.4922e-07	-0.646821	0.0976901	0.00019998	8.40369e-05	0.00832341513947589
10__50433476__50590247__ENSG00000198964	3511	1.06546	192.054	26.2383	6.13073e-06	rs11006183	141918	17	19	0.2375	1	1.29511e-06	-1.04006	0.172583	0.00049995	0.000735224	0.0463986410458138
10__114959726__114974385__ENSG00000165832	3666	1.01769	151.842	25.875	2.43272e-06	rs7100159	-29550	26	32	0.4	1	3.73936e-07	-1.09309	0.168849	0.00039996	0.000318727	0.0247055801464828
5__50399859__50411383__ENSG00000170571	3035	0.914604	43.1283	21.1172	3.14473e-08	rs62386438	-189545	5	5	0.0625	1	3.70827e-11	2.53721	0.251447	0.00039996	4.44288e-06	0.000720072020080944
5__65508067__65529199__Not_Available	3957	1.01792	173.078	25.1602	1.16501e-07	rs34972	197752	31	38	0.475	1	6.85112e-09	1.21057	0.151976	9.999e-05	1.64855e-05	0.00202692723945276
5__65528452__65529199__ENSG00000123219	3979	1.06182	193.546	25.957	4.15583e-11	rs245537	-42663	30	37	0.4625	1	1.23328e-12	1.2053	0.103699	9.999e-05	2.47291e-09	1.25963379551501e-06
5__65567513__65572286__ENSG00000113593	4043	0.968719	135.447	23.3672	7.26775e-13	rs36222	89308	18	21	0.2625	1	3.80243e-16	1.40745	0.0886188	9.999e-05	2.04997e-10	1.82734920018757e-07
5__70422113__70427690__ENSG00000226259	274	0.926713	26.5822	26.4727	1.26419e-06	rs71241375	611285	23	28	0.35	1	2.4263e-07	1.02155	0.154058	0.00029997	7.35183e-05	0.00738416064510732
5__94074646__94077365__ENSG00000113391	2438	0.984919	96.7819	23.0859	1.75099e-06	rs72788365	-5560	14	14	0.175	1	4.71688e-08	1.65613	0.228925	0.00029997	0.000194365	0.0166995204241052
5__146168128__146172774__ENSG00000133706	3497	0.96052	130.036	23.4727	1.88259e-10	rs35131794	-6277	19	27	0.3375	1	5.33892e-13	1.16999	0.0973273	9.999e-05	4.96905e-08	1.61070020859587e-05
5__150374954__150379408__ENSG00000070814	4589	0.969363	261.887	23.9531	2.48006e-12	rs79273852	-32541	10	10	0.125	1	4.07827e-15	2.08858	0.143749	9.999e-05	1.25754e-09	7.47316534129401e-07
5__154033791__154034967__ENSG00000055147	4834	1.05097	234.734	25.3594	3.87053e-09	rs10477090	30235	29	38	0.475	1	1.41272e-10	-0.867764	0.0911298	9.999e-05	4.37279e-07	9.44949740915728e-05
5__177734380__177737112__ENSG00000170074	3829	0.913705	117.361	19.5	3.313e-13	rs76027440	-47050	6	6	0.075	1	1.2749e-19	2.7466	0.129417	9.999e-05	3.18225e-10	2.52148166603929e-07
7__12224226__12229819__ENSG00000106460	7706	1.03165	451.386	27.0703	3.62725e-15	rs4719302	-18233	24	29	0.3625	1	1.15158e-16	1.23278	0.0742652	9.999e-05	6.841e-13	1.62615659461464e-09
7__22976210__22991139__ENSG00000122591	4886	1.05131	311.172	26.3203	1.52838e-07	rs10234671	-22337	24	28	0.35	1	2.02364e-08	-0.863841	0.114384	9.999e-05	2.79038e-05	0.00331647042718959
7__66127704__66134374__ENSG00000241258	4213	1.01067	55.2035	24.2109	1.86881e-08	rs150622550	125917	10	13	0.1625	1	3.5841e-10	-1.03629	0.113416	9.999e-05	8.86593e-07	0.000180642644603652
7__66127704__66134374__ENSG00000249319	4213	1.01908	61.9118	24.9258	1.14551e-08	rs150622550	125917	10	13	0.1625	1	3.5841e-10	-1.03629	0.113416	9.999e-05	5.36999e-07	0.000112631168278391
7__66993217__66994341__ENSG00000126524	6433	1.04667	97.6022	22.6523	7.99397e-08	rs6958030	-230	20	25	0.3125	1	5.9565e-10	1.16489	0.130444	9.999e-05	4.41659e-06	0.000720072020080944
7__75474704__75475188__ENSG00000272391	2464	1.04218	196.105	26.9297	2.85703e-06	rs10953513	-24295	24	35	0.4375	1	7.62078e-07	-0.780946	0.125621	0.00039996	0.00040103	0.0292760718021258
7__128626295__128626530__Not_Available	3933	0.977092	148.953	23.625	6.06041e-12	rs7784642	-95079	11	11	0.1375	1	8.14044e-15	1.9892	0.140554	9.999e-05	1.46839e-09	8.05493601463862e-07
7__142408049__142430604__Not_Available	2786	0.922006	99.6936	20.8594	1.82686e-06	rs2367197	21889	21	24	0.3	1	9.39076e-09	1.36153	0.173569	0.00129987	0.000367537	0.0275308299582886
1__58506060__58534331__ENSG00000162600	4676	1.04529	305.041	27.3281	2.90951e-08	rs338224	-24786	22	29	0.3625	1	6.03068e-09	-0.961885	0.120014	9.999e-05	5.13824e-06	0.000796563831315602
1__58506060__58536741__ENSG00000162600	4676	1.03552	285.362	27.0234	6.51258e-10	rs147589561	12293	19	26	0.325	1	7.31359e-11	-0.923598	0.0942475	9.999e-05	1.05529e-07	3.01020340780158e-05
1__89013185__89055215__Not_Available	3347	1.00832	189.904	26.7891	1.23595e-15	rs12146148	-6977	25	34	0.425	1	2.3807e-17	1.14014	0.0648293	9.999e-05	1.83618e-13	6.5471046979232e-10
1__120442841__120447841__ENSG00000270231	1246	0.983399	80.5235	25.5	3.80615e-07	rs827367	668368	25	34	0.425	1	3.47403e-08	1.01892	0.138653	9.999e-05	3.6669e-05	0.00421765843759337
1__146966464__146971394__ENSG00000268043	1518	1.03553	116.271	27.5273	1.6195e-06	rs3979833	-508407	25	35	0.4375	1	5.43917e-07	-0.88263	0.139256	0.00019998	0.000136722	0.0126622739856653
1__146970647__146975891__ENSG00000268043	1517	1.03939	92.0701	25.3945	2.63154e-06	rs868953014	-9779	16	18	0.225	1	3.17022e-07	1.28457	0.196608	0.00019998	0.000171588	0.0151065719088468
1__148117572__148122801__ENSG00000263956	1189	1.04278	119.311	27.6211	2.19271e-08	rs9441138	963780	24	31	0.3875	1	5.35173e-09	1.01161	0.125495	9.999e-05	1.48189e-06	0.000293546898113517
1__149072718__149077419__ENSG00000269713	555	1.02917	77.7778	28.418	1.39784e-09	rs9441138	8634	24	31	0.3875	1	4.82867e-10	-1.2125	0.134492	9.999e-05	6.72626e-08	2.08549831694311e-05
1__149077208__149082174__ENSG00000269713	560	1.0003	77.8292	28.8047	5.30638e-06	rs9441138	4144	24	31	0.3875	1	3.36317e-06	0.893109	0.157071	0.00029997	0.000411901	0.0292760718021258
1__155675010__155784089__Not_Available	2437	1.00166	156.559	24.5273	1.94908e-06	rs78681289	215809	10	11	0.1375	1	1.35084e-07	0.970627	0.141799	0.00039996	0.000300816	0.0235734729113376
1__155676548__155679512__ENSG00000163374	2440	0.995985	144.75	24.2812	1.38058e-09	rs11264365	-313346	17	18	0.225	1	1.53115e-11	1.08206	0.103287	9.999e-05	2.12964e-07	5.62479190851747e-05
1__155676548__155784089__Not_Available	2440	0.953501	160.582	25.2188	5.28012e-11	rs6692183	-342013	16	17	0.2125	1	7.63093e-13	1.1183	0.0943689	9.999e-05	2.05037e-08	7.18857859872989e-06
1__193028085__193029657__ENSG00000116750	3692	1.03803	201.772	27.1406	2.92056e-06	rs10921130	-721420	12	14	0.175	1	8.63188e-07	-1.21682	0.197156	0.00029997	0.00043676	0.0305356180410453
1__244843135__244848856__ENSG00000153187	5230	0.990472	409.31	24.9609	3.11799e-13	rs10927332	-5774	11	12	0.15	1	1.22199e-15	1.68715	0.110961	9.999e-05	1.59196e-10	1.62180315264856e-07
2__25799385__25806337__ENSG00000143970	3378	1.03302	164.118	24.5859	2.10156e-06	rs115938275	776969	4	4	0.05	1	1.53289e-07	2.33077	0.342824	0.00039996	0.000261295	0.0210023336798128
2__30525587__30533314__ENSG00000172954	4802	1.04054	363.901	26.5664	1.68978e-07	rs13392757	45140	15	15	0.1875	1	2.63992e-08	1.54687	0.207583	9.999e-05	4.07795e-05	0.00454387056329171
2__48328561__48346751__ENSG00000170802	5161	1.06307	280.948	25.582	2.49584e-07	rs17396440	-285445	7	9	0.1125	1	2.23193e-08	-1.25155	0.166539	9.999e-05	3.73033e-05	0.00422251044444131
2__72465160__72480750__ENSG00000144036	3255	1.04694	209.06	26.4609	5.47737e-06	rs1992800	130131	22	23	0.2875	1	1.26553e-06	-1.20207	0.199194	0.00029997	0.00081593	0.0497314439051092
2__95903053__95908574__ENSG00000174501	1198	1.00443	62.156	26.6719	1.23531e-06	rs56791141	18694	22	28	0.35	1	2.62549e-07	1.09985	0.166589	9.999e-05	7.34837e-05	0.00738416064510732
2__97194726__97204263__ENSG00000135976	1807	1.05553	82.2801	25.8047	6.46244e-08	rs538343994	316463	24	26	0.325	1	5.36276e-09	-1.32232	0.164056	9.999e-05	2.64459e-06	0.00045997954961854
2__97198463__97202393__ENSG00000135976	1800	1.07061	86.1852	26.0273	7.45565e-06	rs879839429	93639	24	28	0.35	1	1.46658e-06	-1.11017	0.185587	0.00019998	0.000370618	0.0275308299582886
2__196139620__196146055__ENSG00000081320	3191	1.02144	120.076	26.1562	1.45736e-06	rs1350101	52033	21	27	0.3375	1	2.40908e-07	0.931451	0.140416	0.00019998	0.000144038	0.0131688093044822
2__230358964__230443099__Not_Available	4820	0.932197	113.879	18.5508	2.39067e-10	rs72495166	-28592	6	8	0.1	1	6.03445e-16	1.82566	0.116944	9.999e-05	9.11118e-08	2.70724408743623e-05
