2__30525587__30533314__ENSG00000172954	4865	1.04969	452.88	27.8672	6.48847e-07	rs13392757	45140	15	15	0.1875	1	2.39118e-07	0.318051	0.0479265	0.00019998	0.000191924	0.0362434664215015
2__48328561__48346751__ENSG00000170802	5230	1.04982	261.944	25.125	3.74784e-07	rs17396440	-285445	7	9	0.1125	1	2.68782e-08	-0.261521	0.0351269	9.999e-05	6.06534e-05	0.0134459508856194
5__65528452__65529199__ENSG00000123219	3992	1.03318	193.848	25.9922	3.30042e-10	rs34972	177367	31	38	0.475	-1	1.39306e-11	-0.176974	0.0168258	9.999e-05	3.64031e-08	3.09350857433073e-05
5__65567513__65572286__ENSG00000113593	4055	0.998226	147.179	23.9883	3.28324e-14	rs36222	89308	18	21	0.2625	1	1.92242e-17	0.522982	0.0295065	9.999e-05	5.06462e-12	1.29116301049034e-08
6__72647932__72648904__ENSG00000185760	4599	1.0056	166.599	24.082	2.78619e-07	rs1328857	167	26	36	0.45	1	9.21455e-09	0.24382	0.0310535	9.999e-05	4.37928e-05	0.0104750228143
22__43039780__43046573__ENSG00000100271	5283	1.06494	350.638	26.2148	1.36187e-06	rs35793811	17173	23	24	0.3	1	2.30086e-07	0.1574	0.0236683	9.999e-05	0.000282335	0.0479852399017484
19__52282111__52283413__ENSG00000196214	7314	1.08984	646.59	25.4883	4.72313e-08	rs2247844	-4358	1	2	0.025	-1	2.97498e-09	0.676004	0.0815475	9.999e-05	1.15244e-05	0.00391734003027403
8__668598__674047__ENSG00000104714	6187	1.04354	408.333	26.0273	1.91956e-08	rs1669681	-12482	22	29	0.3625	1	1.54516e-09	-0.448384	0.0524547	9.999e-05	4.6098e-06	0.00180801877937485
1__26942660__26943065__ENSG00000090273	2876	1.04054	161.117	26.25	1.02412e-06	rs12732629	-382589	5	5	0.0625	1	1.69425e-07	-0.674686	0.0997752	9.999e-05	0.000113895	0.0241967826279492
1__58506060__58534331__ENSG00000173406	4827	1.06302	317.689	27.3164	6.76997e-07	rs3813996	39445	19	25	0.3125	-1	1.88755e-07	0.169969	0.0252835	9.999e-05	0.000122846	0.0250544698218932
1__58506060__58536741__ENSG00000173406	4827	1.05622	311.432	27.2812	2.17258e-07	rs147589561	12293	19	26	0.325	-1	5.32112e-08	0.164428	0.0228707	9.999e-05	3.84764e-05	0.00980908823501672
1__58506060__58539310__ENSG00000173406	4827	1.05231	324.303	27.4336	5.5849e-09	rs147589561	12293	19	26	0.325	-1	1.06384e-09	0.212162	0.0243956	9.999e-05	8.86495e-07	0.000502224606073169
1__244843135__244848856__ENSG00000153187	5348	0.925842	287.222	22.3828	2.84245e-09	rs10927332	-5774	11	12	0.15	1	5.4149e-12	0.509968	0.0466123	9.999e-05	2.37777e-06	0.00110215167231558
9__33948374__33956146__ENSG00000137073	4634	1.06103	207.417	25.4766	1.46028e-06	rs10972101	469377	7	8	0.1	1	1.66009e-07	0.143105	0.0211396	9.999e-05	0.000179808	0.0352614257323348
9__104750956__104759171__ENSG00000136783	5318	1.04731	229.865	25.5469	5.41548e-16	rs7034016	-7976	19	21	0.2625	-1	1.50056e-18	-0.679812	0.0349775	9.999e-05	2.98999e-14	1.52452286242048e-10
9__111786793__111787947__9:111786793|111787947	5051	1.066	262.559	26.6133	5.57885e-13	rs995059	-109564	27	38	0.475	1	1.82727e-14	-0.280235	0.0204239	9.999e-05	3.19188e-11	5.42487213904024e-08
17__47361378__47379253__ENSG00000178852	3503	0.999095	107.901	24.4922	1.77418e-10	rs7208530	105362	21	30	0.375	-1	1.52642e-12	-0.353414	0.03067	9.999e-05	1.94614e-08	1.9845784925508e-05
17__82905936__82911789__ENSG00000141556	3425	1.00907	174.395	24.4922	1.48713e-07	rs12938554	-14518	20	26	0.325	1	5.71719e-09	0.150897	0.018779	9.999e-05	2.34758e-05	0.00664985386677448
12__89466770__89472275__ENSG00000139323	2895	1.00672	102.77	21.0938	4.71497e-07	rs12303240	-28125	28	38	0.475	1	1.67454e-09	0.247258	0.0290341	9.999e-05	4.51974e-05	0.0104750228143
7__7786788__7801743__ENSG00000219545	7273	1.05909	685.702	27.7617	5.52681e-07	rs10245034	23377	29	36	0.45	1	1.90665e-07	-0.187981	0.0279781	0.00029997	0.000231769	0.0411263878425336
7__30550636__30574881__ENSG00000281039	4599	0.982298	264.196	25.1953	7.55943e-07	rs1074373	26508	20	24	0.3	-1	6.46875e-08	-0.214581	0.030151	0.00049995	0.000233913	0.0411263878425336
7__30573000__30574881__ENSG00000196295	4585	0.95908	179.253	22.4062	8.59703e-09	rs38485	-2406	11	13	0.1625	-1	2.43647e-11	-0.115642	0.0112573	9.999e-05	2.70944e-06	0.00115123105884316
7__66127704__66134374__ENSG00000241258	4230	1.03537	64.5362	25.043	5.59093e-08	rs117228943	-309925	9	10	0.125	1	2.62437e-09	-0.273482	0.032796	9.999e-05	2.28162e-06	0.00110215167231558
7__66993217__66994341__ENSG00000126524	6511	1.06569	135.723	24.9727	2.03978e-07	rs6958030	-230	20	25	0.3125	1	1.17473e-08	0.208538	0.026878	9.999e-05	1.34985e-05	0.00430159713292997
7__128626295__128626530__ENSG00000242588	4027	0.933306	141.863	22.7461	2.01048e-09	rs11761315	52710	10	10	0.125	1	5.09285e-12	0.348823	0.0318025	9.999e-05	8.00178e-07	0.000502224606073169
10__5699525__5714207__ENSG00000108021	7221	1.03159	556.964	26.5664	1.50276e-09	rs7910414	-8358	20	23	0.2875	1	1.28539e-10	-0.215087	0.0224944	9.999e-05	5.30685e-07	0.000386547597265548
10__7797047__7802854__ENSG00000165629	6498	1.0356	426.304	24.4453	7.26775e-12	rs2802460	-9974	13	18	0.225	1	2.89256e-14	0.51186	0.0379714	9.999e-05	1.51876e-09	1.93594656046486e-06
10__45939361__45962994__ENSG00000239883	1535	1.02217	71.0772	26.3555	1.55562e-07	rs35510597	-140301	24	35	0.4375	1	2.11056e-08	-0.165627	0.0219775	9.999e-05	8.5048e-06	0.00309742126235341
10__110124017__110132400__ENSG00000148700	4064	1.0985	158.507	22.6641	5.00909e-07	rs4917558	250219	1	1	0.0125	-1	6.76985e-09	0.918141	0.115198	9.999e-05	2.9969e-05	0.008042347908553
14__99458279__99465813__ENSG00000183576	4714	1.05943	339.58	23.4258	9.72442e-08	rs943882	233174	1	1	0.0125	-1	1.4813e-09	1.46165	0.170659	9.999e-05	1.74223e-05	0.00522541481369273
