1__58506060__58534331__1:58506060|58534331	4827	1.03439	325.799	27.4875	1.31849e-07	rs3813996	39445	19	25	0.3125	-1	8.46814e-07	0.158655	0.0241361	9.999e-05	2.99504e-05	0.00774965482291747
1__58506060__58536741__1:58506060|58536741	4827	1.04977	306.753	27.0938	7.00498e-09	rs147589561	12293	19	26	0.325	-1	5.19844e-08	0.185667	0.0238771	9.999e-05	1.09811e-06	0.000437131619538863
1__155676548__155679512__1:155676548|155679512	2502	1.00019	163.851	24.825	2.85108e-09	rs6692183	-342013	16	17	0.2125	1	5.26275e-09	0.386594	0.0437803	9.999e-05	4.65829e-07	0.000241066159817887
3__56592970__56594028__3:56592970|56594028	4703	1.03188	168.39	25.2187	4.0801e-07	rs73081811	-26816	29	34	0.425	-1	7.85207e-07	-0.909072	0.137636	9.999e-05	4.99245e-05	0.0117435870398678
2__30525587__30533314__2:30525587|30533314	4865	1.04591	451.49	27.8062	6.15109e-07	rs13392757	45140	15	15	0.1875	1	3.7191e-06	0.313347	0.052536	0.00019998	0.000186875	0.0333474734557158
2__48328561__48346751__2:48328561|48346751	5230	1.06508	277.787	25.3875	1.82707e-07	rs17396440	-285445	7	9	0.1125	1	3.99983e-07	-0.264018	0.0383249	9.999e-05	2.59104e-05	0.00720465184580016
2__196139620__196146055__2:196139620|196146055	3372	1.0565	142.191	27	2.46794e-06	rs1350101	52033	21	27	0.3375	-1	9.13988e-06	-0.15172	0.0270841	9.999e-05	0.000218381	0.0376706681687844
5__65528452__65529199__5:65528452|65529199	3992	1.0375	181.277	25.4062	2.29846e-10	rs34972	177367	31	38	0.475	-1	7.3243e-10	-0.17777	0.0181451	9.999e-05	2.16772e-08	1.60256211724667e-05
5__65567513__65572286__5:65567513|65572286	4055	1.0057	137.504	23.55	9.18683e-14	rs36222	89308	18	21	0.2625	1	5.30599e-14	0.515443	0.0332546	9.999e-05	1.09228e-11	1.88418028250625e-08
5__146168128__146172774__5:146168128|146172774	3525	0.972323	129.032	23.1562	3.01237e-09	rs35131794	-6277	19	27	0.3375	1	1.54113e-09	0.071949	0.00763348	9.999e-05	5.91499e-07	0.000278272991837466
4__10097711__10103986__4:10097711|10103986	6285	1.02142	143.884	22.9312	4.53226e-07	rs2241469	-18874	17	19	0.2375	1	2.42224e-07	0.221529	0.0311884	9.999e-05	5.25667e-05	0.0118274904415839
6__7181124__7189322__6:7181124|7189322	6043	0.98993	290.201	22.8375	9.22663e-07	rs823694	315275	7	7	0.0875	1	4.82291e-07	0.112822	0.0165677	0.00039996	0.000292069	0.0444545557375387
6__90088961__90271941__6:90088961|90271941	4245	0.987181	223.507	23.8312	3.09393e-07	rs9451365	75991	19	25	0.3125	-1	2.80554e-07	-0.0741217	0.0105286	9.999e-05	7.86019e-05	0.0169485102431987
6__90206569__90271941__6:90206569|90271941	4187	1.00619	341.509	27.0563	8.28657e-08	rs2501721	-71253	25	36	0.45	-1	4.5699e-07	-0.248006	0.0362979	9.999e-05	2.64519e-05	0.00720465184580016
6__145888020__145894977__6:145888020|145894977	3544	1.04051	167.358	26.9063	1.23208e-06	rs9403735	-272566	30	38	0.475	1	4.73472e-06	-0.140161	0.0238915	0.00019998	0.00014366	0.0275347936207696
7__12224226__12229819__7:12224226|12229819	7750	1.05772	378.222	26.2125	5.8235e-15	rs4719302	-18233	24	29	0.3625	-1	8.28921e-14	-0.388334	0.0255705	9.999e-05	4.56055e-13	1.18004061056468e-09
7__30550636__30574881__7:30550636|30574881	4599	1.0069	234.485	24.2813	1.1362e-06	rs1074373	26508	20	24	0.3	-1	1.31383e-06	-0.217416	0.03402	9.999e-05	0.000250949	0.0418922323220911
7__66993217__66994341__7:66993217|66994341	6511	1.06061	132.921	24.975	1.90866e-07	rs6958030	-230	20	25	0.3125	1	3.33478e-07	0.206783	0.0296836	9.999e-05	1.30089e-05	0.00396005649441787
8__668598__674047__8:668598|674047	6187	1.03752	394.751	25.9687	2.4875e-08	rs1669681	-12482	22	29	0.3625	1	8.56059e-08	-0.432131	0.0571985	9.999e-05	6.26798e-06	0.00216244998116665
9__33948374__33956146__9:33948374|33956146	4634	1.03795	201.784	25.1812	3.22973e-07	rs10972101	469377	7	8	0.1	1	6.16343e-07	0.14923	0.0222519	9.999e-05	4.44695e-05	0.0109585395519872
9__104750956__104759171__9:104750956|104759171	5318	1.04968	229.02	25.4437	4.65711e-16	rs7034016	-7976	19	21	0.2625	-1	3.20345e-15	-0.677964	0.0385289	9.999e-05	2.36638e-14	1.22459988379824e-10
11__14771937__14789242__11:14771937|14789242	3883	1.04115	231.044	27.3188	5.16796e-09	rs10832290	-121254	25	29	0.3625	-1	4.5212e-08	-0.862415	0.110026	9.999e-05	6.69135e-07	0.000288564052563176
11__108227595__108235834__11:108227595|108235834	4370	1.05185	198.199	26.4188	5.24279e-10	rs170546	148471	30	36	0.45	-1	3.3077e-09	0.322154	0.0355863	9.999e-05	4.41332e-08	2.85486225752228e-05
12__89466770__89472275__12:89466770|89472275	2895	1.03805	91.9562	20.1937	1.87341e-06	rs12303240	-28125	28	38	0.475	1	1.93307e-07	0.240773	0.0334407	9.999e-05	0.000121861	0.024319280309685
14__35651805__35659196__14:35651805|35659196	4554	1.04241	181.075	25.3875	9.90952e-07	rs12883816	-85285	13	13	0.1625	1	1.98108e-06	0.205905	0.0330953	9.999e-05	0.000122184	0.024319280309685
15__100564692__100565265__15:100564692|100565265	6707	1.10928	781.189	27.5437	1.36167e-09	rs12442898	-12226	18	20	0.25	1	1.60454e-08	-0.560744	0.0674895	9.999e-05	2.25105e-07	0.000129435188319714
16__21797017__21806229__16:21797017|21806229	1753	1.06063	152.241	26.6625	2.80719e-06	rs4783352	14130	13	16	0.2	1	8.99104e-06	-0.134942	0.0240607	0.00019998	0.000259939	0.0420369495276846
17__47361378__47377903__17:47361378|47377903	3503	1.02855	119.205	25.4437	1.43491e-10	rs4968317	-20634	21	31	0.3875	-1	4.83426e-10	-0.0976	0.00975168	9.999e-05	1.01399e-08	8.74565113642342e-06
17__47361378__47379253__17:47361378|47379253	3503	1.02033	100.959	23.9813	6.39467e-11	rs7208530	105362	21	30	0.375	-1	6.28457e-11	-0.319831	0.0288406	9.999e-05	4.36206e-09	4.51472558855379e-06
19__1271329__1272051__19:1271329|1272051	6020	0.991795	513.347	23.8312	1.40861e-08	rs7257836	3759	15	15	0.1875	-1	1.25004e-08	-0.226163	0.0268475	9.999e-05	7.99604e-06	0.00258621545748308
19__12928342__12928847__19:12928342|12928847	3658	1.06926	433.896	27.8437	7.30241e-07	rs8110787	-39699	24	31	0.3875	1	4.38029e-06	-0.194329	0.032948	0.00039996	0.000175834	0.0324978442008137
10__7797047__7802854__10:7797047|7802854	6498	1.03272	452.477	24.975	6.40736e-12	rs2802460	-9974	13	18	0.225	1	1.66719e-11	0.516619	0.043656	9.999e-05	1.50226e-09	1.94354607188485e-06
10__32543300__32584304__10:32543300|32584304	5201	1.05713	202.388	25.4625	2.25209e-06	rs7895395	300056	14	15	0.1875	1	4.45346e-06	-0.370167	0.0628323	9.999e-05	0.000286348	0.0444545557375387
10__45939361__45962994__10:45939361|45962994	1535	1.01554	76.8309	27.1125	3.63888e-08	rs35510597	-140301	24	35	0.4375	1	2.26472e-07	-0.17762	0.0249054	9.999e-05	2.27701e-06	0.000841679268215416
