3__121635735__121637256__ENSG00000180353	4286	1.03794	190.461	27.0922	1.06656e-06	rs3772126	0	18	21	0.2625	1	0.00050238	-1.18667	0.263899	0.00019998	0.000144731	0.0384499135384615
17__82905936__82911789__ENSG00000141556	3391	1.00342	180.139	24.8281	8.78869e-07	rs6502015	24351	23	30	0.375	1	0.000246285	1.07048	0.219662	0.00049995	0.000153422	0.0384499135384615
9__104750956__104759171__ENSG00000136783	5276	1.03531	206.85	24.2266	1.04007e-10	rs7034016	-7976	19	21	0.2625	1	1.05999e-06	1.26321	0.154477	9.999e-05	1.13597e-08	2.22394338e-05
9__109080839__109087342__ENSG00000106771	5392	1.00614	210.91	22.7719	1.13702e-06	rs56052940	-318299	3	4	0.05	1	0.000149508	1.82899	0.355654	0.00039996	0.000227233	0.0493550076
12__89466770__89472275__ENSG00000139323	2738	1.05187	166.231	26.4141	1.9658e-07	rs76074945	24161	28	37	0.4625	1	0.000170726	0.958947	0.189122	9.999e-05	1.86951e-05	0.007613579475
11__122776219__122777210__ENSG00000154127	4654	1.01013	328.04	25.2219	4.25239e-07	rs77155503	467470	5	5	0.0625	1	0.000183491	2.10757	0.418876	9.999e-05	0.00012694	0.03759732
10__7797047__7802854__ENSG00000165629	6302	1.00763	307.818	22.5969	1.21825e-08	rs2802460	-9974	13	18	0.225	1	8.28056e-06	1.2083	0.177083	9.999e-05	3.39801e-06	0.002214143316
5__65528452__65529199__ENSG00000123219	3979	1.0391	204.423	26.6328	1.37268e-07	rs245531	-43544	30	38	0.475	1	0.00015014	1.08803	0.211666	9.999e-05	1.83137e-05	0.007613579475
5__65567513__65572286__ENSG00000113593	4043	0.965942	128.618	23.0562	7.01861e-11	rs36222	89308	18	21	0.2625	1	4.39594e-07	1.41326	0.160465	9.999e-05	1.72016e-08	2.22394338e-05
5__154033791__154034967__ENSG00000055147	4834	1.06853	277.147	26.6109	9.789e-08	rs815624	80576	29	39	0.4875	1	0.000124584	0.921636	0.175808	9.999e-05	1.28026e-05	0.0069518118
7__12224226__12229819__ENSG00000106460	7706	1.03817	403.345	26.3047	9.89082e-11	rs4719302	-18233	24	29	0.3625	1	2.79618e-06	1.16752	0.155272	9.999e-05	2.04783e-08	2.22394338e-05
7__66993217__66994341__ENSG00000126524	6433	1.02926	110.064	23.9312	1.43907e-06	rs868961	-20997	24	30	0.375	1	0.000250847	1.06513	0.219005	0.00029997	0.000121082	0.03759732
2__30525587__30533314__ENSG00000172954	4802	1.03045	410.802	27.475	3.76328e-07	rs1723156	-72628	17	19	0.2375	1	0.000321075	1.38104	0.291842	0.00029997	0.000116798	0.03759732
1__58506060__58539310__ENSG00000162600	4676	1.03253	294.597	27.1141	3.90983e-09	rs147589561	12293	19	26	0.325	1	2.68587e-05	-1.02833	0.168241	9.999e-05	7.27994e-07	0.000592951113
1__59321536__59346398__ENSG00000172456	4191	1.01475	241.559	25.8234	1.03593e-06	rs112373265	315002	6	6	0.075	1	0.000357335	1.83598	0.392676	0.00019998	0.000220011	0.0493550076
