15__100564692__100565265__ENSG00000140471	6584	1.06211	686.407	27.3516	5.2605e-07	rs12901344	-15173	18	20	0.25	1	1.45848e-07	-1.07557	0.157779	0.00019998	0.000214689	0.0235412694210917
8__668598__674047__ENSG00000104714	6116	1.06776	381.036	25.4414	5.34878e-07	rs1669681	-12482	22	29	0.3625	1	4.99626e-08	-0.995074	0.137957	9.999e-05	0.000111189	0.0152537416458692
19__1032392__1032696__ENSG00000064666	5601	1.04152	1024.78	28.5117	1.7432e-07	rs1141534	297	17	18	0.225	1	8.24913e-08	-1.3092	0.186315	0.00029997	0.000122591	0.0158865406894343
19__12928342__12928847__ENSG00000179115	3620	1.08186	365.397	26.8125	7.06021e-08	rs8110787	-39699	24	31	0.3875	1	1.15581e-08	-0.805526	0.103739	9.999e-05	1.04734e-05	0.00203586839886356
19__21405129__21405856__ENSG00000196268	7329	1.04242	164.363	25.3125	1.39223e-06	rs29721	-205860	17	19	0.2375	1	1.4291e-07	0.907583	0.13299	9.999e-05	0.00015742	0.0198000224481297
17__45513185__45519518__ENSG00000214425	5317	1.04636	106.49	22.8633	6.79912e-06	rs111878933	265789	17	19	0.2375	1	2.37946e-07	-1.30817	0.197072	0.00039996	0.000507349	0.0471665019674907
17__47361378__47377903__ENSG00000178852	3408	1.03539	116.93	25.2891	7.75164e-10	rs4968317	-20634	21	31	0.3875	1	1.98165e-11	1.08003	0.104221	9.999e-05	5.02919e-08	2.389682622892e-05
17__47361378__47379253__ENSG00000178852	3408	1.00657	103.558	24.2461	5.42367e-11	rs7208530	105362	21	30	0.375	1	2.7129e-13	1.09915	0.0890016	9.999e-05	4.94371e-09	3.52359859528594e-06
11__14771937__14789242__ENSG00000152270	3863	1.02631	234.308	27.375	3.79242e-10	rs10832293	-50974	25	30	0.375	1	5.36946e-11	1.34768	0.135699	9.999e-05	5.73149e-08	2.45105033825553e-05
11__108227595__108235834__ENSG00000149311	4280	1.05312	206.023	26.5781	1.77675e-10	rs637064	42586	29	34	0.425	1	1.16847e-11	-1.08038	0.101963	9.999e-05	1.44011e-08	7.69822093082509e-06
10__7797047__7802854__ENSG00000165629	6302	0.967335	300.154	22.1602	5.29672e-08	rs41290295	-40861	12	16	0.2	1	2.19128e-10	1.26489	0.135433	9.999e-05	2.31164e-05	0.00380217011895619
10__45939361__45962994__ENSG00000239883	1527	1.02742	68.1703	25.9219	1.72841e-06	rs35510597	-140301	24	35	0.4375	1	2.58339e-07	-0.685494	0.103736	0.00019998	9.08764e-05	0.0134010185447622
4__10097711__10103986__ENSG00000071127	5791	1.01272	148.698	23.6836	1.71061e-07	rs12640847	-17582	16	18	0.225	1	3.7213e-09	1.29573	0.157974	9.999e-05	2.21133e-05	0.0037826681330646
4__36210390__36214480__ENSG00000047365	6772	1.03758	170.591	24	1.34115e-06	rs984431	-123022	5	5	0.0625	1	6.14982e-08	2.24617	0.314782	9.999e-05	0.000164258	0.0200698061541802
6__7303550__7310029__ENSG00000124783	6024	1.0488	553.79	27.3516	5.11294e-07	rs9392143	4081	18	20	0.25	1	1.41375e-07	-1.09651	0.160581	0.00019998	0.000186014	0.0213568799594826
6__75634707__75663518__ENSG00000112701	3766	1.036	138.595	26.6367	1.11328e-07	rs17496664	-144727	24	30	0.375	1	1.72364e-08	-0.984506	0.129322	9.999e-05	1.01949e-05	0.00203586839886356
6__75634707__75678927__ENSG00000112701	3766	1.00914	135.78	26.7305	1.47185e-06	rs62415572	5025	25	31	0.3875	1	3.29382e-07	-0.850675	0.130477	0.00019998	0.000184154	0.0213568799594826
6__90206569__90271941__ENSG00000112182	4144	1.0665	315.698	25.9336	5.76548e-14	rs2501714	-14023	17	20	0.25	1	5.98863e-16	1.40351	0.0898774	9.999e-05	3.41294e-12	4.86510357193088e-09
12__28225795__28259442__ENSG00000123106	5124	1.02702	271.294	26.2969	1.81372e-15	rs11049369	-79253	18	20	0.25	1	1.84731e-17	-1.67504	0.094368	9.999e-05	2.26144e-13	9.67096388015087e-10
12__28255581__28259442__ENSG00000123106	5131	1.06171	286.749	26.6602	7.64571e-09	rs11049689	263595	18	20	0.25	1	8.62789e-10	-1.42298	0.162057	9.999e-05	9.54801e-07	0.000291655063768848
12__28305649__28391411__ENSG00000123106	5179	1.05753	282.779	26.5078	1.05121e-07	rs11049689	213527	18	20	0.25	1	1.4899e-08	-1.25507	0.163672	9.999e-05	1.59116e-05	0.00283522351678961
12__89459638__89472275__ENSG00000139323	2730	1.01149	145.447	25.4531	1.13611e-08	rs11105304	42045	27	37	0.4625	1	5.42671e-10	0.872476	0.0972883	9.999e-05	1.4111e-06	0.00040230110405408
12__89466770__89472275__ENSG00000139323	2738	1.07392	159.521	25.3242	7.89969e-08	rs12303240	-28125	28	38	0.475	1	4.85045e-09	0.932076	0.115084	9.999e-05	5.29698e-06	0.00132788444284423
5__21491321__21497196__ENSG00000183666	3996	0.977525	87.975	22.3242	1.75488e-06	rs9292986	53924	23	28	0.35	1	2.77024e-08	1.24476	0.167449	9.999e-05	0.000189774	0.0213568799594826
5__65528452__65529199__ENSG00000123219	3979	1.06317	201.839	26.1562	1.94672e-06	rs154939	78032	29	36	0.45	1	3.35488e-07	1.00626	0.154498	9.999e-05	0.000232818	0.0242838414704139
5__65567513__65572286__ENSG00000113593	4043	0.981324	122.55	22.4648	5.06141e-11	rs36222	89308	18	21	0.2625	1	2.76057e-14	1.34406	0.0995267	9.999e-05	8.89645e-09	5.43504812430311e-06
5__146168128__146172774__ENSG00000133706	3497	0.962737	134.981	23.9062	2.76569e-09	rs35131794	-6277	19	27	0.3375	1	2.52314e-11	1.10682	0.107905	9.999e-05	6.5794e-07	0.000234471324145473
9__97994631__97998678__ENSG00000136938	4519	1.05153	296.206	26.4844	5.42715e-07	rs112500293	6541	18	20	0.25	1	9.38867e-08	1.17112	0.167805	0.00019998	0.000100197	0.0142829578778636
9__104750956__104759171__ENSG00000136783	5276	1.02638	226.252	25.5352	1.42644e-13	rs7034016	-7976	19	21	0.2625	1	1.0251e-15	1.36055	0.088894	9.999e-05	1.68734e-11	1.80396165645935e-08
9__133042087__133043926__ENSG00000148308	4835	1.00681	473.759	26.918	7.05553e-07	rs113845480	345685	5	5	0.0625	1	1.59987e-07	1.92699	0.28409	0.00039996	0.000315577	0.0306716654433214
7__12224226__12229819__ENSG00000106460	7706	1.05134	415.085	26.5312	1.68427e-14	rs4719302	-18233	24	29	0.3625	1	3.18504e-16	1.26428	0.0790822	9.999e-05	1.82815e-12	3.9090076715495e-09
7__66993217__66994341__ENSG00000126524	6433	1.03681	112.993	23.7539	2.102e-07	rs10276269	-123594	16	20	0.25	1	5.09007e-09	1.15556	0.143007	9.999e-05	1.57968e-05	0.00283522351678961
3__56592970__56594028__ENSG00000180376	4583	0.997012	147.108	24.3984	1.69727e-07	rs7653344	-40628	29	34	0.425	1	6.2796e-09	1.13224	0.141545	0.00019998	2.58035e-05	0.00408695207775631
3__121635735__121637256__ENSG00000180353	4286	1.05089	172.987	26.25	7.01448e-08	rs3772126	0	18	21	0.2625	1	7.9643e-09	-1.23013	0.155563	9.999e-05	6.67121e-06	0.0015015358389927
3__138570318__138571356__ENSG00000114107	3175	1.03316	157.949	26.8125	6.52667e-12	rs1679169	-93632	28	35	0.4375	1	3.58068e-13	1.25937	0.103106	9.999e-05	5.11723e-10	4.37672867698674e-07
3__138570318__138572932__ENSG00000114107	3175	0.9987	146.467	26.2148	6.03574e-09	rs773448	6875	28	35	0.4375	1	4.72014e-10	1.25262	0.1388	9.999e-05	9.00694e-07	0.000291655063768848
3__138570318__138572984__ENSG00000114107	3175	1.02418	144.894	26.0977	6.63328e-08	rs774015	-119045	27	33	0.4125	1	6.74803e-09	1.16782	0.146501	9.999e-05	7.19441e-06	0.00153833131210636
2__48328561__48346751__ENSG00000170802	5161	1.06444	247.236	24.6328	8.21575e-07	rs17396440	-285445	7	9	0.1125	1	5.04064e-08	-1.24764	0.173053	9.999e-05	0.000114141	0.0152537416458692
2__85861181__85863485__ENSG00000115525	3903	1.05999	233.534	26.5781	2.18138e-06	rs11694145	-12723	14	18	0.225	1	4.74144e-07	-0.917338	0.143608	0.00029997	0.000314752	0.0306716654433214
2__95903053__95908574__ENSG00000174501	1198	1.01544	62.1748	26.6016	1.08731e-07	rs60106968	29877	20	26	0.325	1	1.64192e-08	1.18706	0.155553	9.999e-05	5.58918e-06	0.00132788444284423
2__196139620__196146055__ENSG00000081320	3191	1.02203	121.668	26.3438	2.25688e-06	rs1350101	52033	21	27	0.3375	1	4.37532e-07	0.927749	0.14458	0.00029997	0.000227037	0.0242728817308641
1__58506060__58534331__ENSG00000162600	4676	1.0468	286.433	27.0117	1.55137e-06	rs338224	-24786	22	29	0.3625	1	4.02837e-07	-0.900751	0.139721	0.00049995	0.000303316	0.0306716654433214
1__58506060__58536741__ENSG00000162600	4676	1.04317	268.183	26.4375	1.30175e-09	rs147589561	12293	19	26	0.325	1	9.83672e-11	-0.948979	0.0980929	9.999e-05	1.80333e-07	7.01079412554208e-05
1__120442841__120447841__ENSG00000270231	1246	0.993868	71.8033	24.1055	5.5547e-06	rs827367	668368	25	34	0.425	1	3.82852e-07	0.983401	0.152107	0.00059994	0.000419437	0.0398601488628567
1__149077208__149082174__ENSG00000269713	560	1.00898	77.7311	28.8047	5.91749e-07	rs61807938	15910	23	31	0.3875	1	3.4311e-07	-0.943521	0.145047	9.999e-05	4.18947e-05	0.0063986115431785
1__155676548__155679512__ENSG00000163374	2440	0.993358	147.676	24.5859	1.1143e-08	rs6692183	-342013	16	17	0.2125	1	2.61069e-10	1.02669	0.110787	9.999e-05	1.80272e-06	0.000481829055989369
