22__31282294__31283288__ENSG00000100100,	4077	1.06202	163.213	25.1234	6.63758e-08	rs11703927	-33317	28	37	0.4625	1	1.15144e-08	1.01295	0.127314	9.999e-05	5.18803e-06	0.00141278522099719
9__33948374__33956146__ENSG00000137073,	4473	1.0366	186.904	25.0469	9.456e-07	rs10972101	469377	7	8	0.1	1	2.11877e-07	1.26861	0.18622	9.999e-05	0.000126782	0.0205282637853125
9__104750956__104759171__ENSG00000136783,	5276	1.02398	245.173	26.0312	1.45519e-15	rs7034016	-7976	19	21	0.2625	1	1.21695e-16	1.38341	0.0788393	9.999e-05	1.77621e-13	1.06412012310113e-09
9__111786793__111787947__ENSG00000165181,	4999	1.06227	265.821	26.6219	6.8905e-11	rs995059	-109564	27	38	0.475	1	2.19542e-11	-1.12739	0.105532	9.999e-05	5.8769e-09	5.86804446119641e-06
17__47361378__47377903__ENSG00000178852,	3408	1.0332	114.196	25.0797	2.31613e-10	rs4968317	-20634	21	31	0.3875	1	2.03258e-11	1.12846	0.105274	9.999e-05	1.46093e-08	1.09404646089295e-05
17__47361378__47379253__ENSG00000178852,	3408	1.0234	101.744	24.0953	3.13279e-10	rs7208530	105362	21	30	0.375	1	1.11216e-11	1.08918	0.0989584	9.999e-05	2.10704e-08	1.28454547646171e-05
17__47370437__47379253__ENSG00000178852,	3421	1.05445	116.149	24.9266	7.69267e-07	rs4794371	179889	25	35	0.4375	1	1.56994e-07	-0.857205	0.123741	9.999e-05	5.25186e-05	0.0104878925909847
17__47402132__47416908__ENSG00000178852,	3469	1.04011	127.078	25.7906	1.50022e-06	rs7208530	64608	21	30	0.375	1	5.25981e-07	0.973782	0.150579	0.00019998	0.000132876	0.0209488069477894
17__82905936__82911789__ENSG00000141556,	3391	0.985834	176.959	24.6531	3.59479e-08	rs5822550	-8402	24	31	0.3875	1	4.14904e-09	1.16767	0.139452	9.999e-05	7.58078e-06	0.00191387424859262
12__9606353__9622436__ENSG00000284634,	5162	0.963277	193.646	23.1875	3.9938e-07	rs112576881	-202425	8	8	0.1	1	2.4072e-08	1.87958	0.245356	9.999e-05	0.000111143	0.0184959209092876
12__11121010__11124323__ENSG00000231887,ENSG00000275778,ENSG00000212127,	5238	1.05038	365.785	26.4469	1.23874e-07	rs7313683	-1418	27	33	0.4125	1	5.22954e-08	1.05307	0.143193	9.999e-05	2.67785e-05	0.00594181091709908
12__28305649__28391411__ENSG00000123106,	5179	1.06138	301.572	26.6984	1.78569e-06	rs11049689	213527	18	20	0.25	1	9.9166e-07	-1.18336	0.189989	0.00029997	0.000330141	0.0459967717467842
12__89459638__89472275__ENSG00000139323,	2730	1.02908	145.79	25.2437	3.82988e-09	rs11105304	42045	27	37	0.4625	1	5.29821e-10	0.988298	0.106911	9.999e-05	3.62804e-07	0.000155253134137767
12__89466770__89472275__ENSG00000139323,	2738	1.06284	187.012	26.4031	1.0529e-08	rs12303240	-28125	28	38	0.475	1	3.73969e-09	1.00682	0.119629	9.999e-05	8.38893e-07	0.000314110846419016
10__5699525__5714207__ENSG00000108021,	7021	1.03408	631.772	27.4312	6.16112e-11	rs7910414	-8358	20	23	0.2875	1	3.88798e-11	-1.47112	0.141242	9.999e-05	2.14414e-08	1.28454547646171e-05
10__7797047__7802854__ENSG00000165629,	6302	1.01464	311.891	22.3562	9.07266e-09	rs2802460	-9974	13	18	0.225	1	1.15965e-10	1.18205	0.119209	9.999e-05	2.33251e-06	0.000735472195035796
10__32543300__32584304__ENSG00000216937,	5150	1.02586	201.025	26.1078	6.98161e-07	rs7895395	300056	14	15	0.1875	1	2.72423e-07	-0.778246	0.115872	9.999e-05	0.000110336	0.0184959209092876
10__32543300__32623817__ENSG00000216937,	5150	1.05208	207.63	26.0312	2.66348e-06	rs7895395	300056	14	15	0.1875	1	1.10163e-06	-0.839372	0.135619	0.00019998	0.000365682	0.0495040927585572
10__45939361__45962994__ENSG00000239883,	1527	1.04158	70.2788	25.8344	9.11889e-07	rs35510597	-140301	24	35	0.4375	1	3.13878e-07	-0.649274	0.0974519	9.999e-05	4.21348e-05	0.00901528064225862
4__130788__131505__ENSG00000250312,	2672	0.951402	88.7969	22.7172	6.63362e-07	rs6847489	-118828	11	12	0.15	1	3.201e-08	1.41189	0.187067	9.999e-05	9.6422e-05	0.0169900072278246
5__65508067__65529199__n/a	3957	1.05395	184.763	25.7469	5.36242e-07	rs6891955	34863	29	37	0.4625	1	1.68279e-07	1.17077	0.169659	0.00019998	5.88411e-05	0.0113714392197896
5__65528452__65529199__ENSG00000123219,	3979	1.06103	188.582	25.8562	4.78867e-12	rs245537	-42663	30	37	0.4625	1	6.15442e-13	1.23092	0.0988256	9.999e-05	2.46653e-10	4.9256266755857e-07
5__65567513__65572286__ENSG00000113593,	4043	0.996635	127.775	22.7281	3.30532e-11	rs36222	89308	18	21	0.2625	1	1.65395e-13	1.39288	0.105882	9.999e-05	4.51286e-09	5.40727181891572e-06
5__146168128__146172774__ENSG00000133706,	3497	0.966404	131.636	23.6359	2.85261e-09	rs35131794	-6277	19	27	0.3375	1	9.52519e-11	1.09212	0.109161	9.999e-05	6.25808e-07	0.000249946003380858
5__154033791__154034967__ENSG00000055147,	4834	1.05054	246.367	25.6922	1.47692e-08	rs375232	-49212	28	38	0.475	1	3.27109e-09	-0.82168	0.0969905	9.999e-05	1.89007e-06	0.000629073989959191
11__108227595__108235834__ENSG00000149311,	4280	1.06575	215.714	26.8734	1.11011e-10	rs637064	42586	29	34	0.425	1	4.48467e-11	-1.02387	0.0989299	9.999e-05	7.33745e-09	6.27976598427338e-06
3__56666260__56673725__ENSG00000163946,	4628	1.08781	195.216	26.4797	2.87327e-06	rs11718962	-416625	26	32	0.4	1	1.4762e-06	1.05495	0.173512	0.00019998	0.000279388	0.0398524296318697
6__32877053__32879608__n/a	15131	1.01276	173.924	21.6453	1.07522e-07	rs9276815	-19324	19	23	0.2875	1	1.38303e-09	1.20788	0.136748	9.999e-05	1.61876e-05	0.00372997105433908
6__90206569__90271941__ENSG00000112182,	4144	1.05547	336.673	26.6437	1.19067e-11	rs11757155	24951	18	26	0.325	1	3.53844e-12	-1.03078	0.0891257	9.999e-05	1.33871e-09	2.00503917047634e-06
6__90249689__90271941__ENSG00000112182,	4085	1.00519	327.009	26.5781	4.46973e-08	rs11757155	-18169	18	26	0.325	1	1.93099e-08	-0.90225	0.116441	0.00019998	1.37656e-05	0.00329876579155862
6__158267234__158314268__ENSG00000130338,	5943	1.01742	288.511	25.5937	3.74872e-07	rs4313021	-14679	27	37	0.4625	1	1.04417e-07	1.06165	0.149849	0.00019998	9.15626e-05	0.0169900072278246
7__12224226__12229819__ENSG00000106460,	7706	1.04012	410.744	26.4687	9.88471e-15	rs4719302	-18233	24	29	0.3625	1	1.65457e-15	1.22652	0.0774246	9.999e-05	1.39301e-12	4.17273287697147e-09
7__30550636__30574881__ENSG00000196295,	4555	1.0203	258.513	24.9812	1.23388e-06	rs9648369	18409	24	29	0.3625	1	2.74892e-07	1.12774	0.167994	0.00049995	0.000268504	0.0392340596857497
7__30573000__30574881__ENSG00000196295,	4551	0.985449	247.834	25.0687	5.063e-10	rs38486	-170	15	17	0.2125	1	4.8156e-11	1.31578	0.12754	9.999e-05	1.59082e-07	7.33118257513614e-05
7__38242428__38256585__n/a	5537	1.00014	184.199	21.4266	2.02137e-06	rs12701613	2891	9	11	0.1375	1	5.1825e-08	1.4427	0.19608	0.00029997	0.000371841	0.0495040927585572
7__66993217__66994341__ENSG00000126524,	6433	1.04337	99.8574	22.8594	3.19249e-08	rs6958030	-230	20	25	0.3125	1	8.69128e-10	1.14299	0.126566	9.999e-05	1.80728e-06	0.000629073989959191
2__30525587__30533314__ENSG00000172954,	4802	1.03074	388.586	26.8844	1.64627e-07	rs13392757	45140	15	15	0.1875	1	9.05526e-08	1.53512	0.215003	9.999e-05	4.69104e-05	0.00969097522887711
2__48328561__48346751__ENSG00000170802,	5161	1.08252	256.856	24.7844	7.76558e-07	rs17396440	-285445	7	9	0.1125	1	1.46025e-07	-1.24366	0.178808	0.00029997	9.51639e-05	0.0169900072278246
2__196139620__196146055__ENSG00000081320,	3191	1.03508	123.787	26.2609	1.60218e-06	rs1350101	52033	21	27	0.3375	1	7.15614e-07	0.967597	0.152355	0.00029997	0.000144849	0.0222508824552934
1__58506060__58534331__ENSG00000162600,	4676	1.05578	303.036	27.1687	2.93196e-08	rs11207236	-31545	19	25	0.3125	1	1.79133e-08	-0.955232	0.122803	9.999e-05	4.5316e-06	0.00129279188884119
1__58506060__58536741__ENSG00000162600,	4676	1.04158	291.823	26.9719	3.26754e-10	rs147589561	12293	19	26	0.325	1	1.49285e-10	-0.965811	0.0985289	9.999e-05	4.78188e-08	2.38733723971021e-05
1__155676548__155679512__ENSG00000163374,	2440	1.03066	175.212	25.6594	3.69749e-08	rs6692183	-342013	16	17	0.2125	1	8.68897e-09	1.03594	0.128363	9.999e-05	4.43285e-06	0.00129279188884119
1__155676548__155784089__n/a	2440	0.996925	179.089	25.8125	4.12308e-08	rs6692183	-342013	16	17	0.2125	1	1.08361e-08	1.0796	0.135274	9.999e-05	7.66705e-06	0.00191387424859262
1__156333547__156334918__ENSG00000163468,	3046	1.01705	221.065	27.3875	1.30195e-06	rs2287027	-73759	23	29	0.3625	1	9.87181e-07	-0.823202	0.13213	0.00019998	0.000248618	0.0372365059262638
1__244843135__244848856__ENSG00000153187,	5230	0.997642	504.305	26.4141	6.0851e-11	rs10927332	-5774	11	12	0.15	1	1.60288e-11	1.45916	0.134711	9.999e-05	3.19966e-08	1.74263925236203e-05
