12__28225795__28259442__ENSG00000123106	5124	1.03865	288.798	26.6984	5.46254e-17	rs11049369	-79253	18	20	0.25	1	9.40867e-18	-1.70265	0.0879132	9.999e-05	4.54234e-15	2.48021888624846e-11
12__28255581__28259442__ENSG00000123106	5131	1.04313	292.662	26.9062	2.83454e-09	rs184460060	70968	19	21	0.2625	1	1.34103e-09	-1.50626	0.170277	9.999e-05	4.45094e-07	0.000135017358277387
12__28305649__28391411__ENSG00000123106	5179	1.04087	302.126	26.8734	4.31623e-07	rs11049689	213527	18	20	0.25	1	2.45527e-07	-1.18792	0.17583	9.999e-05	8.88805e-05	0.0134807594714525
12__89459638__89472275__ENSG00000139323	2730	1.03228	146.007	25.375	4.02148e-09	rs11105304	42045	27	37	0.4625	1	6.20367e-10	0.949405	0.103468	9.999e-05	3.64415e-07	0.000124361695380607
12__89466770__89472275__ENSG00000139323	2738	1.06996	150.726	24.7187	1.51776e-07	rs12303240	-28125	28	38	0.475	1	2.21901e-08	0.931105	0.121032	9.999e-05	1.05026e-05	0.00212394581375932
12__103976918__103980962__ENSG00000139372	4742	1.04489	373.507	27.2125	4.10758e-07	rs1177457	-34570	21	25	0.3125	1	2.77868e-07	1.04996	0.156502	9.999e-05	0.000101427	0.0145740533557317
8__668598__674047__ENSG00000104714	6116	1.05422	404.553	25.8234	9.45634e-07	rs1669681	-12482	22	29	0.3625	1	3.24571e-07	-0.964266	0.145008	0.00029997	0.000243779	0.0277309932706658
11__43830976__43840064__ENSG00000149084	4840	1.02465	233.615	24.1609	2.12126e-06	rs12295769	707674	12	15	0.1875	1	3.20474e-07	1.19383	0.1794	0.00039996	0.000406385	0.0418670317164298
11__108227595__108235834__ENSG00000149311	4280	1.0385	212.483	27.0375	1.9109e-10	rs637064	42586	29	34	0.425	1	9.02197e-11	-1.0117	0.100874	9.999e-05	2.0736e-08	1.13223181939811e-05
19__1032392__1032696__ENSG00000064666	5601	1.04071	891.241	27.8141	2.204e-08	rs1141534	297	17	18	0.225	1	1.97534e-08	-1.33059	0.171922	9.999e-05	1.24139e-05	0.00239639768661056
19__12928342__12928847__ENSG00000179115	3620	1.0653	398.462	27.4094	3.99944e-08	rs8110787	-39699	24	31	0.3875	1	2.8455e-08	-0.818222	0.107743	9.999e-05	7.52556e-06	0.00164364940022948
9__97994631__97998678__ENSG00000136938	4519	1.02083	308.079	26.7094	8.93719e-07	rs112500293	6541	18	20	0.25	1	4.82812e-07	1.11666	0.171814	0.00029997	0.000230028	0.0269264502418445
9__104750956__104759171__ENSG00000136783	5276	1.00139	255.131	26.2281	2.11628e-14	rs7034016	-7976	19	21	0.2625	1	2.76238e-15	1.37305	0.0884531	9.999e-05	5.20507e-12	9.47361412711311e-09
15__58621471__58643978__ENSG00000137845	4537	0.99746	262.102	24.7734	4.06838e-07	rs4581654	-100105	17	22	0.275	1	6.99798e-08	0.774474	0.106967	0.00019998	0.000109249	0.0149130972749595
15__68086306__68146700__ENSG00000033800	3223	0.966059	127.763	22.6187	6.02404e-07	rs1489598	-28752	21	25	0.3125	1	2.65008e-08	1.14874	0.150706	9.999e-05	0.000107625	0.0149130972749595
15__68086306__68164804__ENSG00000033800	3223	1.00478	169.478	24.7187	1.75403e-06	rs1489598	-28752	21	25	0.3125	1	3.5284e-07	1.03596	0.156535	0.00029997	0.000285328	0.0317949893476419
15__100564692__100565265__ENSG00000140471	6584	1.05903	630.001	26.6219	7.57804e-07	rs12901344	-15173	18	20	0.25	1	3.88536e-07	-1.08756	0.165245	9.999e-05	0.000296096	0.032335003163243
6__7303550__7310029__ENSG00000124783	6024	1.04954	582.397	27.6937	2.53084e-07	rs9392143	4081	18	20	0.25	1	2.16827e-07	-1.0867	0.159724	0.00019998	9.31544e-05	0.0137471293946211
6__29675386__29676059__ENSG00000204644	9883	0.960957	52.0833	18.4953	1.52086e-07	rs2535240	713	13	14	0.175	1	8.84423e-11	1.64776	0.164147	9.999e-05	1.27276e-05	0.00239639768661056
6__90206569__90271941__ENSG00000112182	4144	1.07341	351.801	26.7641	2.7596e-11	rs60066732	19094	20	29	0.3625	1	9.53941e-12	-1.06222	0.0958656	9.999e-05	2.42516e-09	1.65523926934529e-06
17__47361378__47377903__ENSG00000178852	3408	1.0633	116.107	25.1125	1.22573e-10	rs4968317	-20634	21	31	0.3875	1	1.03132e-11	1.12011	0.101434	9.999e-05	4.41061e-09	2.67587930006618e-06
17__47361378__47379253__ENSG00000178852	3408	1.01598	104.981	24.3141	3.31427e-10	rs7208530	105362	21	30	0.375	1	1.47191e-11	1.09094	0.100341	9.999e-05	2.62651e-08	1.30375727586952e-05
17__47370437__47379253__ENSG00000178852	3421	1.03491	119.646	25.2656	1.50568e-06	rs4794371	179889	25	35	0.4375	1	4.00744e-07	-0.821984	0.125116	0.00029997	0.000131334	0.0174905588688497
17__47402132__47414919__ENSG00000178852	3469	1.02042	101.629	23.7016	2.70402e-06	rs7208530	64608	21	30	0.375	1	3.26526e-07	0.854413	0.128532	9.999e-05	0.000230404	0.0269264502418445
17__79077430__79077864__ENSG00000167280	5843	1.01348	794.808	27.7375	9.05868e-08	rs116539064	-55113	10	10	0.125	1	7.8604e-08	-1.32445	0.184079	9.999e-05	6.29455e-05	0.0101087194177679
17__82905936__82911789__ENSG00000141556	3391	1.00116	200.535	25.4187	6.53419e-09	rs5822550	-8402	24	31	0.3875	1	1.0953e-09	1.18607	0.132789	9.999e-05	1.28931e-06	0.00037052210421443
5__50399859__50411383__ENSG00000170571	3035	0.899479	44.6636	21.2625	1.86203e-08	rs62386438	-189545	5	5	0.0625	1	9.78988e-11	2.54514	0.25471	9.999e-05	3.52928e-06	0.000917650259857566
5__65528452__65529199__ENSG00000123219	3979	1.0588	197.653	26.075	3.38121e-11	rs245537	-42663	30	37	0.4625	1	6.28007e-12	1.19749	0.106131	9.999e-05	2.15305e-09	1.65523926934529e-06
5__65567513__65572286__ENSG00000113593	4043	0.987277	136.199	23.275	1.09171e-12	rs36222	89308	18	21	0.2625	1	5.3169e-15	1.39426	0.0921924	9.999e-05	1.99348e-10	2.17696902713517e-07
5__146168128__146172774__ENSG00000133706	3497	0.960173	127.378	23.1656	2.60928e-10	rs35131794	-6277	19	27	0.3375	1	3.41025e-12	1.15528	0.099733	9.999e-05	6.70632e-08	3.05150016680569e-05
5__154033791__154034967__ENSG00000055147	4834	1.05508	252.825	25.9766	2.51037e-09	rs10477090	30235	29	38	0.475	1	5.92621e-10	-0.867012	0.0942853	9.999e-05	2.82288e-07	0.000102757026695684
14__91342380__91343657__ENSG00000015133	4602	1.01234	348.247	26.9609	1.51662e-06	rs1742562	-2137	14	15	0.1875	1	9.46792e-07	1.33101	0.213102	0.00039996	0.000478563	0.0475101936190567
10__7797047__7802854__ENSG00000165629	6302	0.997543	289.475	21.7219	2.73811e-08	rs2802460	-9974	13	18	0.225	1	2.55037e-10	1.18899	0.124317	9.999e-05	8.16656e-06	0.00171504761081134
10__32543300__32584304__ENSG00000216937	5150	1.04415	208.047	26.1406	1.56014e-06	rs7895395	300056	14	15	0.1875	1	6.55228e-07	-0.777106	0.121725	0.00049995	0.000223305	0.0269264502418445
10__45939361__45962994__ENSG00000239883	1527	1.02486	67.707	25.9437	1.3255e-06	rs35510597	-140301	24	35	0.4375	1	4.97809e-07	-0.643586	0.0992011	9.999e-05	7.04376e-05	0.0109887141757656
10__114959726__114974385__ENSG00000165832	3666	1.0394	158.105	26.0094	2.04689e-06	rs7100159	-29550	26	32	0.4	1	8.21355e-07	-1.09364	0.173617	0.00039996	0.000231775	0.0269264502418445
4__130788__131505__ENSG00000250312	2672	0.977097	91.8182	22.8594	1.45315e-06	rs181728567	-120147	8	9	0.1125	1	9.21416e-08	1.72181	0.241378	0.00029997	0.00016521	0.0213535349390819
4__10097711__10103986__ENSG00000071127	5791	0.994817	160.993	24.2484	3.08406e-08	rs12640847	-17582	16	18	0.225	1	2.57201e-09	1.33223	0.155419	9.999e-05	5.30107e-06	0.00125847929474821
4__36210390__36214480__ENSG00000047365	6772	1.00026	171.764	24.0516	2.2571e-07	rs984431	-123022	5	5	0.0625	1	2.23185e-08	2.29522	0.298439	9.999e-05	3.86625e-05	0.00653090641956032
7__12224226__12229819__ENSG00000106460	7706	1.04783	386.272	26.1844	2.75352e-14	rs4719302	-18233	24	29	0.3625	1	3.46849e-15	1.22948	0.0799246	9.999e-05	3.11051e-12	8.49203895774503e-09
7__22976210__22991139__ENSG00000122591	4886	1.06675	289.968	25.9547	1.54953e-07	rs10234671	-22337	24	28	0.35	1	4.95663e-08	-0.864668	0.11724	9.999e-05	2.23623e-05	0.0040701047477698
7__66993217__66994341__ENSG00000126524	6433	1.03367	106.62	23.1547	6.30092e-08	rs6958030	-230	20	25	0.3125	1	2.53589e-09	1.15413	0.134549	9.999e-05	4.43433e-06	0.00110056500852966
7__75474704__75475188__ENSG00000272391	2464	1.0607	201.514	26.8078	3.05395e-06	rs10953513	-24295	24	35	0.4375	1	1.82799e-06	-0.772466	0.128735	0.00029997	0.000382427	0.0401564742474034
3__121635735__121637256__ENSG00000180353	4286	1.03897	171.494	26.3266	1.56219e-08	rs3772126	0	18	21	0.2625	1	5.39524e-09	-1.21103	0.146523	9.999e-05	1.59772e-06	0.000436195366147943
3__138570318__138571356__ENSG00000114107	3175	1.02152	154.72	26.5781	4.52871e-12	rs1679169	-93632	28	35	0.4375	1	1.20173e-12	1.23352	0.101862	9.999e-05	4.41065e-10	4.01385535158523e-07
3__138570318__138572932__ENSG00000114107	3175	1.01339	142.784	26.075	1.05969e-13	rs1679169	-93632	28	35	0.4375	1	1.28898e-14	1.23231	0.0844277	9.999e-05	1.07782e-11	1.47128436003047e-08
3__138570318__138572984__ENSG00000114107	3175	1.03056	147.308	26.2391	2.62045e-09	rs1679169	-93632	28	35	0.4375	1	7.57633e-10	1.19349	0.131301	9.999e-05	2.42622e-07	9.4626442793075e-05
1__58506060__58534331__ENSG00000162600	4676	1.05938	279.572	26.6984	4.25477e-08	rs338224	-24786	22	29	0.3625	1	1.97557e-08	-0.962923	0.124418	9.999e-05	5.91049e-06	0.00134469136731496
1__58506060__58536741__ENSG00000162600	4676	1.04159	297.487	27.2453	5.68772e-10	rs147589561	12293	19	26	0.325	1	3.26836e-10	-0.919182	0.0972174	9.999e-05	8.68807e-08	3.64913836329169e-05
1__155676548__155679512__ENSG00000163374	2440	0.997111	147.177	24.4781	2.86574e-09	rs6692183	-342013	16	17	0.2125	1	2.02857e-10	1.02247	0.105785	9.999e-05	4.4057e-07	0.000135017358277387
1__193028085__193029657__ENSG00000116750	3692	1.06798	194.581	26.7641	3.89268e-06	rs10921130	-721420	12	14	0.175	1	2.30972e-06	-1.21084	0.204756	0.00029997	0.000450832	0.0455859853326197
2__25799385__25806337__ENSG00000143970	3378	1.02146	155.702	24.3469	2.65597e-06	rs115938275	776969	4	4	0.05	1	4.60762e-07	2.32511	0.35678	0.00039996	0.000346605	0.0371086383595908
2__30525587__30533314__ENSG00000172954	4802	1.0169	383.338	26.95	1.10784e-07	rs13392757	45140	15	15	0.1875	1	6.22511e-08	1.55605	0.213568	9.999e-05	3.55667e-05	0.00626458418131888
2__48328561__48346751__ENSG00000170802	5161	1.07059	279.493	25.5281	2.83765e-07	rs17396440	-285445	7	9	0.1125	1	7.4086e-08	-1.23901	0.171654	9.999e-05	3.94709e-05	0.00653090641956032
2__196139620__196146055__ENSG00000081320	3191	1.02344	120.023	26.075	1.72662e-06	rs1350101	52033	21	27	0.3375	1	7.06854e-07	0.933517	0.146882	0.00019998	0.000168162	0.0213535349390819
