10__7797047__7802854__ENSG00000165629	6498	1.04605	439.57	24.6891	1.5676e-11	rs2802460	-9974	13	18	0.225	1	7.88742e-11	0.518086	0.0460413	9.999e-05	2.84222e-09	3.32929745013885e-06
10__45939361__45962994__ENSG00000239883	1535	1.04107	72.5916	26.6297	5.37177e-08	rs35510597	-140301	24	35	0.4375	1	4.47462e-07	-0.17288	0.0249059	9.999e-05	2.29733e-06	0.000978555803834198
8__668598__674047__ENSG00000104714	6187	1.06058	398.038	25.7492	2.54032e-08	rs1669681	-12482	22	29	0.3625	1	1.44645e-07	-0.446373	0.0599735	9.999e-05	4.90449e-06	0.00191499438833394
14__35651805__35659196__ENSG00000174373	4554	1.05625	186.079	25.5695	2.02789e-06	rs12883816	-85285	13	13	0.1625	1	6.76123e-06	0.19896	0.0343757	9.999e-05	0.000236259	0.04824016230992
12__89466770__89472275__ENSG00000139323	2895	1.0334	99.7518	20.8258	5.55291e-07	rs12303240	-28125	28	38	0.475	1	1.39179e-07	0.249538	0.0334492	9.999e-05	3.93612e-05	0.0108486152534788
6__145888020__145894977__ENSG00000146414	3544	1.0374	161.917	26.7734	1.12511e-06	rs9403735	-272566	30	38	0.475	1	6.60855e-06	-0.139894	0.024131	9.999e-05	0.000129892	0.0320319738494584
5__65528452__65529199__ENSG00000123219	3992	1.04949	184.426	25.4977	1.80198e-09	rs33395	-45267	30	36	0.45	-1	1.14846e-08	-0.167322	0.019396	9.999e-05	1.5545e-07	9.10449030377812e-05
5__65567513__65572286__ENSG00000113593	4055	1.0107	146.81	23.8086	4.64644e-14	rs36222	89308	18	21	0.2625	1	1.26179e-13	0.519482	0.0336647	9.999e-05	5.15749e-12	8.05512043689634e-09
19__12928342__12928847__ENSG00000179115	3658	1.08089	469.254	28.2289	9.74815e-07	rs8110787	-39699	24	31	0.3875	1	1.02556e-05	-0.193057	0.0343757	9.999e-05	0.0002368	0.04824016230992
9__33948374__33956146__ENSG00000137073	4634	1.04875	207.078	25.3898	2.72459e-07	rs10972101	469377	7	8	0.1	1	1.01318e-06	0.145475	0.0220851	9.999e-05	3.42813e-05	0.0100390403168514
9__104750956__104759171__ENSG00000136783	5318	1.02828	259.869	26.2703	1.71525e-16	rs7034016	-7976	19	21	0.2625	-1	1.33625e-14	-0.679192	0.0395978	9.999e-05	1.84602e-14	8.64950591988703e-11
7__12224226__12229819__ENSG00000106460	7750	1.05296	407.581	26.5219	7.43909e-15	rs4719302	-18233	24	29	0.3625	-1	4.70362e-13	-0.395981	0.0273256	9.999e-05	7.27147e-13	1.70351953963882e-09
7__66127704__66134374__ENSG00000241258	4230	1.04894	60.9959	24.5812	7.6673e-09	rs73136336	-27664	9	12	0.15	1	2.35976e-08	-0.212903	0.0257096	9.999e-05	2.24393e-07	0.000116821208261931
7__66993217__66994341__ENSG00000126524	6511	1.07912	136.64	25.0844	2.22933e-07	rs6958030	-230	20	25	0.3125	1	7.22488e-07	0.206704	0.0307011	9.999e-05	1.29178e-05	0.00465586203216053
15__100564692__100565265__ENSG00000140471	6707	1.09367	848.109	27.9953	5.95232e-10	rs12442898	-12226	18	20	0.25	1	2.11192e-08	-0.559877	0.0671813	9.999e-05	1.24432e-07	8.3289247804418e-05
11__108227595__108235834__ENSG00000149311	4370	1.071	203.111	26.6117	4.03137e-10	rs170546	148471	30	36	0.45	-1	6.41569e-09	0.321247	0.0360479	9.999e-05	2.49098e-08	2.33429174725303e-05
2__30525587__30533314__ENSG00000172954	4865	1.05439	447.637	27.7977	7.14183e-07	rs13392757	45140	15	15	0.1875	1	6.74398e-06	0.31752	0.05485	9.999e-05	0.000201455	0.0449483396994316
2__48328561__48346751__ENSG00000170802	5230	1.05919	254.985	24.9047	1.86842e-07	rs17396440	-285445	7	9	0.1125	1	5.5879e-07	-0.269978	0.0394455	9.999e-05	2.57551e-05	0.00804501539951833
1__58506060__58534331__ENSG00000173406	4827	1.07569	303.734	26.6656	1.83036e-07	rs3813996	39445	19	25	0.3125	-1	1.31511e-06	0.166107	0.0256522	9.999e-05	2.56044e-05	0.00804501539951833
1__58506060__58536741__ENSG00000173406	4827	1.05559	306.399	27.1867	9.68822e-07	rs147589561	12293	19	26	0.325	-1	6.85873e-06	0.166736	0.0288377	0.00019998	0.000184411	0.0432027831819884
1__58506060__58539310__ENSG00000173406	4827	1.03256	304.923	27.3664	5.29017e-09	rs147589561	12293	19	26	0.325	-1	9.11382e-08	0.224937	0.0293945	9.999e-05	1.03029e-06	0.000482741219174245
17__47361378__47379253__ENSG00000178852	3503	1.017	114.364	24.7609	6.40012e-10	rs7208530	105362	21	30	0.375	-1	2.64171e-09	-0.348401	0.0372369	9.999e-05	5.49629e-08	4.29213414918002e-05
17__82905936__82911789__ENSG00000141556	3425	1.01185	168.973	24.3297	3.71242e-07	rs8066186	13307	24	31	0.3875	1	7.82732e-07	0.155469	0.0232107	9.999e-05	5.56509e-05	0.0144862036223588
