10__5699525__5714207__ENSG00000108021	7221	1.06624	509.165	25.9359	2.13942e-09	rs72774056	-4424	20	23	0.2875	1	3.68048e-08	-0.211749	0.0257309	9.999e-05	4.26034e-07	0.000214667580785644
10__7797047__7802854__ENSG00000165629	6498	1.04967	437.195	24.6125	1.12901e-11	rs2802460	-9974	13	18	0.225	1	1.43532e-10	0.517783	0.046159	9.999e-05	1.86772e-09	2.07041141027927e-06
10__32558986__32584304__ENSG00000216937	5247	1.06881	230.959	26.2969	2.48669e-06	rs7916317	107556	27	32	0.4	1	1.7085e-05	0.112885	0.0206435	0.00029997	0.000333265	0.0499232521865597
9__33948374__33956146__ENSG00000137073	4634	1.04552	219.816	25.9188	3.44859e-07	rs10972101	469377	7	8	0.1	1	2.75001e-06	0.144719	0.0231665	9.999e-05	4.82529e-05	0.0111436397875334
9__83585553__83586368__9:83585553|83586368	4914	0.976326	175.306	23.0656	1.54441e-06	rs1413292	-12351	25	35	0.4375	1	2.72087e-06	0.0711316	0.0113783	0.00019998	0.000332046	0.0499232521865597
9__104750956__104759171__ENSG00000136783	5318	1.01176	243.639	25.9188	2.69101e-16	rs7034016	-7976	19	21	0.2625	-1	4.99608e-14	-0.677064	0.0403317	9.999e-05	4.5645e-14	2.52992763428665e-10
9__111786793__111787947__9:111786793|111787947	5051	1.0387	266.676	26.7953	3.92952e-13	rs995059	-109564	27	38	0.475	1	5.18962e-11	-0.280949	0.0237402	9.999e-05	4.2343e-11	7.82303471125714e-08
12__9606353__9622436__ENSG00000284634	5391	1.01584	216.469	23.6156	1.72699e-06	rs71441751	-203071	7	8	0.1	1	3.96498e-06	0.129348	0.0212441	0.00039996	0.000327636	0.0499232521865597
12__89459638__89472275__ENSG00000139323	2889	0.947466	105.095	21.8453	4.64013e-07	rs11105304	42045	27	37	0.4625	1	4.2189e-07	0.180278	0.0254645	0.00019998	8.39022e-05	0.018601511171646
12__89466770__89472275__ENSG00000139323	2895	1.03735	102.996	21.1922	3.88773e-07	rs12303240	-28125	28	38	0.475	1	2.31373e-07	0.253567	0.0344747	9.999e-05	2.69962e-05	0.00753208425750357
2__30525587__30533314__ENSG00000172954	4865	1.03964	451.896	27.8781	4.09028e-07	rs13392757	45140	15	15	0.1875	1	7.1462e-06	0.317181	0.054345	0.00029997	0.000129213	0.0265251185200668
2__48328561__48346751__ENSG00000170802	5230	1.04016	276.305	25.5063	7.34471e-08	rs17396440	-285445	7	9	0.1125	1	5.97976e-07	-0.269278	0.0389039	9.999e-05	1.29225e-05	0.0042132041849915
2__196139620__196146055__ENSG00000081320	3372	1.04226	139.232	27.1219	1.18055e-06	rs1350101	52033	21	27	0.3375	-1	1.25714e-05	-0.158106	0.0282471	0.00019998	0.000111671	0.023805754177172
5__65508067__65529199__ENSG00000123219	3970	1.04732	175.016	25.1625	2.54675e-07	rs6891955	34863	29	37	0.4625	1	1.4852e-06	0.0609638	0.00935558	9.999e-05	2.71788e-05	0.00753208425750357
5__65528452__65529199__ENSG00000123219	3992	1.03618	197.953	26.1938	1.63641e-11	rs34972	177367	31	38	0.475	-1	7.13712e-10	-0.192352	0.0186902	9.999e-05	1.5722e-09	2.07041141027927e-06
5__65567513__65572286__ENSG00000113593	4055	0.976743	155.85	24.3547	4.47217e-14	rs36222	89308	18	21	0.2625	1	7.71917e-13	0.514357	0.035071	9.999e-05	1.27898e-11	3.54444829192676e-08
5__146168128__146172774__ENSG00000133706	3525	0.961935	119.891	22.7047	7.43842e-09	rs35131794	-6277	19	27	0.3375	1	1.28124e-08	0.0754367	0.00861701	9.999e-05	1.5391e-06	0.000609331584108819
5__154033791__154034967__ENSG00000055147	4922	1.01974	173.903	22.9625	1.0474e-06	rs816026	40828	28	36	0.45	-1	1.77907e-06	0.179047	0.0278155	0.00019998	0.000152372	0.028558704781475
3__195688533__195689438__ENSG00000242086	5830	1.06496	503.172	26.9156	1.08977e-06	rs62282521	136278	18	20	0.25	1	1.08897e-05	-0.368524	0.0651352	9.999e-05	0.000327045	0.0499232521865597
1__58506060__58534331__ENSG00000173406	4827	1.07021	275.539	26.1594	3.0593e-07	rs3813996	39445	19	25	0.3125	-1	2.76709e-06	0.154893	0.0248058	9.999e-05	4.22879e-05	0.0101906801360167
1__58506060__58536741__ENSG00000173406	4827	1.04704	323.828	27.5859	5.494e-09	rs147589561	12293	19	26	0.325	-1	2.0252e-07	0.178715	0.0240956	9.999e-05	9.34999e-07	0.000398641658978637
1__205616478__205623891__ENSG00000158711	3588	1.02206	284.939	26.8297	9.75245e-07	rs34451491	-9714	7	7	0.0875	1	9.61533e-06	-0.977875	0.171243	0.00029997	0.000229755	0.039795125672002
1__244843135__244848856__ENSG00000153187	5348	0.950353	293.251	22.5672	1.14008e-10	rs10927332	-5774	11	12	0.15	1	1.96518e-10	0.542975	0.0492199	9.999e-05	8.01783e-08	4.93775141101315e-05
7__30550636__30574881__ENSG00000281039	4599	1.0059	260.236	24.7844	6.24281e-07	rs1074373	26508	20	24	0.3	-1	2.73453e-06	-0.221007	0.0353648	0.00019998	0.000153919	0.028558704781475
7__30573000__30574881__ENSG00000196295	4585	0.985134	223.202	23.8734	1.31161e-11	rs38486	-170	15	17	0.2125	-1	8.49565e-11	-0.116804	0.0101283	9.999e-05	3.94498e-09	3.12364487385824e-06
7__66127704__66134374__ENSG00000241258	4230	1.05028	62.6241	24.8359	1.21017e-08	rs73138288	26903	9	12	0.15	1	8.46478e-08	-0.217889	0.0278371	9.999e-05	3.65117e-07	0.000202370377488846
7__66993217__66994341__ENSG00000126524	6511	1.05492	131.239	24.9047	3.60611e-07	rs6958030	-230	20	25	0.3125	1	1.77973e-06	0.206442	0.0320722	9.999e-05	2.67388e-05	0.00753208425750357
17__47361378__47377903__ENSG00000178852	3503	1.0481	112.234	24.9734	6.99128e-11	rs4968317	-20634	21	31	0.3875	-1	9.76052e-10	-0.10548	0.0104258	9.999e-05	3.13167e-09	2.89294134971573e-06
17__47361378__47379253__ENSG00000178852	3503	0.994145	103.488	24.0797	4.61922e-11	rs7208530	105362	21	30	0.375	-1	3.24049e-10	-0.321487	0.0299324	9.999e-05	5.36087e-09	3.71415630321456e-06
17__47370437__47379253__ENSG00000178852	3516	0.988374	105.172	23.8219	1.80725e-06	rs7206971	-22689	25	36	0.45	-1	4.56092e-06	0.191016	0.0316858	0.00029997	0.000210976	0.0377212649211666
17__82905936__82911789__ENSG00000141556	3425	1.02396	183.016	24.7156	2.48362e-08	rs8066186	13307	24	31	0.3875	1	1.49301e-07	0.160124	0.0211829	9.999e-05	3.35065e-06	0.00123809136127689
8__668598__674047__ENSG00000104714	6187	1.07087	326.952	24.8531	2.2898e-07	rs1669681	-12482	22	29	0.3625	1	1.16009e-06	-0.439274	0.0663009	0.00019998	3.70012e-05	0.00932197675557089
18__46122467__46123364__ENSG00000152240	4248	0.975887	182.373	22.6531	6.75501e-07	rs77823215	14854	6	6	0.075	1	9.84647e-07	0.0928279	0.0138585	9.999e-05	0.000154577	0.028558704781475
15__100564692__100565265__ENSG00000140471	6707	1.08752	825.056	27.9469	3.54562e-09	rs12901344	-15173	18	20	0.25	1	1.72171e-07	-0.542099	0.0723524	9.999e-05	9.22099e-07	0.000398641658978637
6__32877053__32879608__6:32877053|32879608	15163	1.00482	149.169	20.9688	9.0219e-08	rs7743252	-1110	19	23	0.2875	1	4.30258e-08	0.0851769	0.0104471	9.999e-05	1.27238e-05	0.0042132041849915
6__90206569__90271941__ENSG00000112182	4187	1.00205	281.186	25.4203	1.11735e-07	rs2325259	-66125	20	28	0.35	1	8.23038e-07	-0.233578	0.0344601	9.999e-05	3.0729e-05	0.00811043261130094
6__90249689__90271941__ENSG00000112182	4127	1.02395	357.749	27.1906	1.09477e-06	rs11757155	-18169	18	26	0.325	1	1.21316e-05	-0.22155	0.0394761	0.00019998	0.000321191	0.0499232521865597
